1,0,驾驶机动车在道路上违反道路交通安全法的行为，属于什么行为？,noimg,过失行为,违规行为,违章行为,违法行为,3,道路交通安全法律、法规和规章,13.5%
2,0,机动车驾驶人违法驾驶造成重大交通事故构成犯罪的，依法追究什么责任？,noimg,刑事责任,民事责任,直接责任,经济责任,0,道路交通安全法律、法规和规章,10%
3,0,机动车驾驶人造成事故后逃逸构成犯罪的，吊销驾驶证且多长时间不得重新取得驾驶证？,noimg,5年内,10年内,20年内,终生,3,道路交通安全法律、法规和规章,11%
4,1,驾驶机动车违反道路交通安全法律法规发生交通事故属于交通违章行为。,noimg,正确,错误,null,null,1,道路交通安全法律、法规和规章,8.5%
5,1,驾驶机动车在道路上违反道路通行规定应当接受相应的处罚。,noimg,正确,错误,null,null,0,道路交通安全法律、法规和规章,11.5%
6,1,对未取得驾驶证驾驶机动车的，追究其法律责任。,noimg,正确,错误,null,null,0,道路交通安全法律、法规和规章,7.5%
7,1,对违法驾驶发生重大交通事故且构成犯罪的，不追究其刑事责任。,noimg,正确,错误,null,null,1,道路交通安全法律、法规和规章,7.5%
8,1,"造成交通事故后逃逸且构成犯罪的驾驶人，将吊销驾驶证且终生不得重新取得驾驶证。",noimg,正确,错误,null,null,0,道路交通安全法律、法规和规章,4.5%
9,1,驾驶机动车在道路上违反交通安全法规的行为属于违法行为。,noimg,正确,错误,null,null,0,道路交通安全法律、法规和规章,6.5%
10,0,驾驶机动车应当随身携带哪种证件？,noimg,职业资格证,身份证,驾驶证,工作证,2,道路交通安全法律、法规和规章,10%
11,0,未取得驾驶证的学员在道路上学习驾驶技能，下列哪种做法是正确的？,noimg,使用所学车型的教练车由教练员随车指导,使用所学车型的教练车单独驾驶学习,使用所学车型的教练车由非教练员的驾驶人随车指导,使用私家车由教练员随车指导,0,道路交通安全法律、法规和规章,16%
12,0,机动车驾驶人初次申领驾驶证后的实习期是多长时间？,noimg,18个月,16个月,12个月,6个月,2,道路交通安全法律、法规和规章,9.5%
13,0,在实习期内驾驶机动车的，应当在车身后部粘贴或者悬挂哪种标志？,noimg,注意避让标志,注意新手标志,统一式样的实习标志,注意车距标志,2,道路交通安全法律、法规和规章,11.5%
14,0,以欺骗、贿赂等不正当手段取得驾驶证被依法撤销驾驶许可的，多长时间不得重新申请驾驶许可？,noimg,3年内,终身,1年内,5年内,0,道路交通安全法律、法规和规章,9.5%
15,1,驾驶人要按照驾驶证载明的准驾车型驾驶车辆。,noimg,正确,错误,null,null,0,道路交通安全法律、法规和规章,11%
16,1,上路行驶的机动车未随车携带身份证的，交通警察可依法扣留机动车。,noimg,正确,错误,null,null,1,道路交通安全法律、法规和规章,6%
17,1,"上路行驶的机动车未放置检验合格标志的，交通警察可依法扣留机动车。",noimg,正确,错误,null,null,0,道路交通安全法律、法规和规章,7%
18,1,伪造、变造机动车驾驶证构成犯罪的将被依法追究刑事责任。,noimg,正确,错误,null,null,0,道路交通安全法律、法规和规章,8.5%
19,1,机动车驾驶人在实习期内驾驶机动车不得牵引挂车。,noimg,正确,错误,null,null,0,道路交通安全法律、法规和规章,6%
20,0,驾驶拼装机动车上路行驶的驾驶人，除按规定接受罚款外，还要受到哪种处理？,noimg,暂扣驾驶证,吊销驾驶证,追究刑事责任,处10日以下拘留,1,道路交通安全法律、法规和规章,13%
21,0,驾驶报废机动车上路行驶的驾驶人，除按规定罚款外，还要受到哪种处理？,noimg,收缴驾驶证,撤销驾驶许可,强制恢复车况,吊销驾驶证,3,道路交通安全法律、法规和规章,11.5%
22,0,对驾驶已达到报废标准的机动车上路行驶的驾驶人，会受到下列哪种处罚？,noimg,处20以上200元以下罚款,追究刑事责任,处15日以下拘留,吊销机动车驾驶证,3,道路交通安全法律、法规和规章,15%
23,0,对驾驶拼装机动车上路行驶的驾驶人，会受到下列哪种处罚？,noimg,依法追究刑事责任,处200以上2000元以下罚款,吊销机动车行驶证,处15日以下拘留,1,道路交通安全法律、法规和规章,13.5%
24,1,驾驶机动车上路前应当检查车辆安全技术性能。,noimg,正确,错误,null,null,0,道路交通安全法律、法规和规章,6.5%
25,1,不得驾驶具有安全隐患的机动车上道路行驶。,noimg,正确,错误,null,null,0,道路交通安全法律、法规和规章,5%
26,1,拼装的机动车只要认为安全就可以上路行驶。,noimg,正确,错误,null,null,1,道路交通安全法律、法规和规章,10.5%
27,1,已经达到报废标准的机动车经大修后可以上路行驶。,noimg,正确,错误,null,null,1,道路交通安全法律、法规和规章,6.5%
28,0,下列哪种证件是驾驶机动车上路行驶应当随车携带？,noimg,机动车保险单,机动车行驶证,出厂合格证明,机动车登记证,1,道路交通安全法律、法规和规章,8%
29,2,驾驶这种机动车上路行驶属于什么行为？,img-1,违章行为,违规行为,违法行为,犯罪行为,2,道路交通安全法律、法规和规章,12%
30,0,下列哪种标志是驾驶机动车上路行驶应当在车上放置的标志？,noimg,保持车距标志,提醒危险标志,检验合格标志,产品合格标志,2,道路交通安全法律、法规和规章,12.5%
31,0,驾驶人在下列哪种情况下不能驾驶机动车？,noimg,喝咖啡后,喝牛奶后,饮酒后,喝茶后,2,道路交通安全法律、法规和规章,13.5%
32,2,这辆在道路上行驶的机动车有下列哪种违法行为？,img-2,未按规定悬挂号牌,故意遮挡号牌,占用非机动车道,逆向行驶,1,道路交通安全法律、法规和规章,12%
33,1,驾驶机动车上路行驶应当按规定悬挂号牌。,noimg,正确,错误,null,null,0,道路交通安全法律、法规和规章,13%
34,3,驾驶这种机动车上路行驶的做法，是一种轻微的违规行为。,img-3,正确,错误,null,null,1,道路交通安全法律、法规和规章,8%
35,1,服用国家管制的精神药品可以短途驾驶机动车。,noimg,正确,错误,null,null,1,道路交通安全法律、法规和规章,8%
36,1,饮酒后只要不影响驾驶操作可以短距离驾驶机动车。,noimg,正确,错误,null,null,1,道路交通安全法律、法规和规章,11.5%
37,0,"公安交通管理部门对驾驶人的交通违法行为除依法给予行政处罚外，实行下列哪种制度？",noimg,违法登记制度,奖励里程制度,强制报废制度,累积记分制度,3,道路交通安全法律、法规和规章,13.5%
38,0,道路交通安全违法行为累积记分的周期是多长时间？,noimg,12个月,24个月,3个月,6个月,0,道路交通安全法律、法规和规章,10%
39,0,公安机关交通管理部门对累积记分达到规定分值的驾驶人怎样处理？,noimg,处15日以下拘留,终生禁驾,进行法律法规教育，重新考试,依法追究刑事责任,2,道路交通安全法律、法规和规章,12%
40,0,驾驶人出现下列哪种情况，不得驾驶机动车？,noimg,记分达到10分,记分达到6分,驾驶证丢失、损毁,驾驶证接近有效期,2,道路交通安全法律、法规和规章,14%
41,1,驾驶人在驾驶证丢失后3个月内还可以驾驶机动车。,noimg,正确,错误,null,null,1,道路交通安全法律、法规和规章,6.5%
42,1,驾驶人持超过有效期的驾驶证可以在1年内驾驶机动车。,noimg,正确,错误,null,null,1,道路交通安全法律、法规和规章,4.5%
43,1,驾驶人的驾驶证损毁后不得驾驶机动车。,noimg,正确,错误,null,null,0,道路交通安全法律、法规和规章,5.5%
44,1,记分满12分的驾驶人拒不参加学习和考试的将被公告驾驶证停止使用。,noimg,正确,错误,null,null,0,道路交通安全法律、法规和规章,6.5%
45,1,驾驶人的机动车驾驶证被依法扣留、暂扣的情况下不得驾驶机动车。,noimg,正确,错误,null,null,0,道路交通安全法律、法规和规章,9.5%
46,2,前方路口这种信号灯亮表示什么意思？,img-4,准许通行,提醒注意,路口警示,禁止通行,3,道路交通安全法律、法规和规章,14.5%
47,2,前方路口这种信号灯亮表示什么意思？,img-5,加速左转,禁止右转,路口警示,加速直行,2,道路交通安全法律、法规和规章,13%
48,2,前方路口这种信号灯亮表示什么意思？,img-6,路口警示,禁止通行,提醒注意,准许通行,3,道路交通安全法律、法规和规章,9%
49,1,交通信号包括交通信号灯、交通标志、交通标线和交通警察的指挥。,noimg,正确,错误,null,null,0,道路交通安全法律、法规和规章,6.5%
50,1,交通标志和交通标线不属于交通信号。,noimg,正确,错误,null,null,1,道路交通安全法律、法规和规章,8.5%
51,1,交通信号灯由红灯、绿灯和黄灯组成。,noimg,正确,错误,null,null,0,道路交通安全法律、法规和规章,7.5%
52,1,道路交通标线分为指示标线、警告标线、禁止标线。,noimg,正确,错误,null,null,0,道路交通安全法律、法规和规章,8%
53,2,驾驶机动车在这种道路上如何通行？,img-7,在道路中间通行,在道路两边通行,实行分道通行,可随意通行,0,道路交通安全法律、法规和规章,14.5%
54,2,道路上划设这种标线的车道内允许下列哪类车辆通行？,img-8,公交车,私家车,出租车,公务用车,0,道路交通安全法律、法规和规章,13%
55,2,驾驶机动车在路口遇到这种情况如何行驶？,img-9,停车等待,遵守交通信号灯,靠右侧直行,可以向右转弯,0,道路交通安全法律、法规和规章,12.5%
56,2,有这种信号灯的路口允许机动车如何行驶？,img-10,向右转弯,停车等待,向左转弯,直行通过,0,道路交通安全法律、法规和规章,8%
57,2,遇到这种情况的路口怎样通过？,img-11,确认安全后通过,右转弯加速通过,加速直行通过,左转弯加速通过,0,道路交通安全法律、法规和规章,12%
58,2,这段道路红车所在车道是什么车道？,img-12,快速车道,慢速车道,应急车道,专用车道,0,道路交通安全法律、法规和规章,14.5%
59,0,机动车在道路上变更车道需要注意什么？,noimg,开启转向灯迅速向左转向,进入左侧车道时适当减速,不能影响其他车辆正常行驶,尽快加速进入左侧车道,2,道路交通安全法律、法规和规章,17.5%
60,3,在这种情况下可以借右侧公交车道超车。,img-13,正确,错误,null,null,1,道路交通安全法律、法规和规章,9.5%
61,1,在路口遇有交通信号灯和交通警察指挥不一致时，按照交通信号灯通行。,noimg,正确,错误,null,null,1,道路交通安全法律、法规和规章,10%
62,3,在这种情况下可加速通过交叉路口。,img-14,正确,错误,null,null,1,道路交通安全法律、法规和规章,12%
63,3,在路口这个位置时可以加速通过路口。,img-15,正确,错误,null,null,1,道路交通安全法律、法规和规章,8%
64,1,驾驶机动车不能进入红色叉形灯或者红色箭头灯亮的车道。,noimg,正确,错误,null,null,0,道路交通安全法律、法规和规章,10.5%
65,3,在这段路的最高时速为每小时50公里。,img-16,正确,错误,null,null,1,道路交通安全法律、法规和规章,10%
66,3,这辆红色轿车变更车道的方法和路线是正确的。,img-17,正确,错误,null,null,1,道路交通安全法律、法规和规章,9.5%
67,0,驾驶机动车在道路上向左变更车道时如何使用灯光？,noimg,提前开启右转向灯,不用开启转向灯,提前开启左转向灯,提前开启近光灯,2,道路交通安全法律、法规和规章,12%
68,0,驾驶机动车在道路上靠路边停车过程中如何使用灯光？,noimg,开启危险报警闪光灯,提前开启右转向灯,变换使用远近光灯,不用指示灯提示,1,道路交通安全法律、法规和规章,10.5%
70,2,在这种天气条件下行车如何使用灯光？,img-19,使用远光灯,使用雾灯,不使用灯光,开启右转向灯,1,道路交通安全法律、法规和规章,13%
71,2,在这种雨天跟车行驶如何使用灯光？,img-20,使用雾灯,不能使用远光灯,不能使用近光灯,使用远光灯,1,道路交通安全法律、法规和规章,11%
72,2,在这种环境下通过路口如何使用灯光？,img-21,关闭远光灯,使用危险报警闪光灯,交替使用远近光灯,使用远光灯,2,道路交通安全法律、法规和规章,12.5%
73,2,在这种路段如何行驶？,img-22,占对方道路转弯,在弯道中心转弯,加速鸣喇叭通过,减速鸣喇叭示意,3,道路交通安全法律、法规和规章,9%
74,1,驾驶机动车在道路上超车时可以不使用转向灯。,noimg,正确,错误,null,null,1,道路交通安全法律、法规和规章,9%
75,1,驾驶机动车在道路上超车完毕驶回原车道时开启右转向灯。,noimg,正确,错误,null,null,0,道路交通安全法律、法规和规章,11%
76,1,驾驶机动车在道路上掉头时提前开启左转向灯。,noimg,正确,错误,null,null,0,道路交通安全法律、法规和规章,7%
77,1,驾驶机动车在道路上向右变更车道可以不使用转向灯。,noimg,正确,错误,null,null,1,道路交通安全法律、法规和规章,10%
78,1,驾驶机动车在沙尘天气条件下行车不用开启前照灯、示廓灯和后位灯。,noimg,正确,错误,null,null,1,道路交通安全法律、法规和规章,8%
79,3,在这种环境里行车使用近光灯。,img-23,正确,错误,null,null,0,道路交通安全法律、法规和规章,8%
80,1,驾驶机动车在雾天行车开启雾灯和危险报警闪光灯。,noimg,正确,错误,null,null,0,道路交通安全法律、法规和规章,8.5%
81,3,在这种急弯道路上行车应交替使用远近光灯。,img-24,正确,错误,null,null,0,道路交通安全法律、法规和规章,8%
82,1,夜间驾驶机动车通过人行横道时需要交替使用远近光灯。,noimg,正确,错误,null,null,0,道路交通安全法律、法规和规章,7%
83,1,"驾驶机动车上坡时，在将要到达坡道顶端时要加速并鸣喇叭。",noimg,正确,错误,null,null,1,道路交通安全法律、法规和规章,12%
84,0,下列哪种行为会受到200元以上2000元以下罚款，并处吊销机动车驾驶证？,noimg,违反道路通行规定,超过规定时速50%,造成交通事故后逃逸,驾车没带驾驶证,1,道路交通安全法律、法规和规章,15%
85,2,在这条高速公路上行驶时的最高速度不能超过多少？,img-25,110公里/小时,120公里/小时,90公里 /小时,100公里/小时,0,道路交通安全法律、法规和规章,12%
86,2,在这段城市道路上行驶的最高速度不能超过多少？,img-26,40公里/小时,30公里/小时,50公里/小时,70公里/小时,1,道路交通安全法律、法规和规章,13%
87,2,在这条公路上行驶的最高速度不能超过多少？,img-27,70公里/小时,50公里/小时,40公里/小时,30公里/小时,2,道路交通安全法律、法规和规章,12%
88,2,在这条城市道路上行驶的最高速度不能超过多少？,img-28,30公里/小时,40公里/小时,50公里/小时,70公里/小时,2,道路交通安全法律、法规和规章,10.5%
89,2,在这条公路上行驶的最高速度不能超过多少？,img-29,30公里/小时,40公里/小时,50公里/小时,70公里/小时,3,道路交通安全法律、法规和规章,13.5%
90,2,在这个弯道上行驶时的最高速度不能超过多少？,img-30,40公里/小时,30公里/小时,50公里/小时,70公里/小时,1,道路交通安全法律、法规和规章,15.5%
91,0,驾驶机动车遇到沙尘、冰雹、雨、雾、结冰等气象条件如何行驶？,noimg,按平常速度行驶,保持匀速行驶,适当提高车速,降低行驶速度,3,道路交通安全法律、法规和规章,14%
92,0,驾驶机动车遇雾、雨、雪等能见度在50米以内时，最高速度不能超过多少？,noimg,70公里/小时,50公里/小时,40公里/小时,30公里/小时,3,道路交通安全法律、法规和规章,15.5%
93,0,驾驶机动车在进出非机动车道时，最高速度不能超过多少？,noimg,40公里/小时,50公里/小时,60公里/小时,30公里/小时,3,道路交通安全法律、法规和规章,11%
94,0,驾驶机动车通过铁路道口时，最高速度不能超过多少？,noimg,15公里/小时,20公里/小时,30公里/小时,40公里/小时,2,道路交通安全法律、法规和规章,7.5%
95,0,驾驶机动车通过急弯路时，最高速度不能超过多少？,noimg,20公里/小时,30公里/小时,40公里/小时,50公里/小时,1,道路交通安全法律、法规和规章,17.5%
96,0,驾驶机动车通过窄路、窄桥时，最高速度不能超过多少？,noimg,50公里/小时,40公里/小时,30公里/小时,60公里/小时,2,道路交通安全法律、法规和规章,9%
97,0,驾驶机动车下陡坡、转弯、掉头时，最高速度不能超过多少？,noimg,50公里/小时,60公里/小时,30公里/小时,40公里/小时,2,道路交通安全法律、法规和规章,6.5%
98,0,驾驶机动车在冰雪道路行驶时，最高速度不能超过多少？,noimg,50公里/小时,40公里/小时,30公里/小时,20公里/小时,2,道路交通安全法律、法规和规章,12%
99,0,驾驶机动车在泥泞道路行驶时，最高速度不能超过多少？,noimg,15公里/小时,20公里/小时,40公里/小时,30公里/小时,3,道路交通安全法律、法规和规章,16%
100,1,"驾驶机动车上道路行驶，不允许超过限速标志标明的最高时速。",noimg,正确,错误,null,null,0,道路交通安全法律、法规和规章,9.5%
101,1,驾驶机动车在没有中心线的城市道路上，最高速度不能超过每小时50公里。,noimg,正确,错误,null,null,1,道路交通安全法律、法规和规章,12.5%
102,1,驾驶机动车在没有中心线的公路上，最高速度不能超过每小时70公里。,noimg,正确,错误,null,null,1,道路交通安全法律、法规和规章,11.5%
103,3,车在这种条件的道路上，最高速度不能超过每小时50公里。,img-31,正确,错误,null,null,1,道路交通安全法律、法规和规章,6.5%
104,1,驾驶机动车掉头、转弯、下陡坡时的最高速度不能超过每小时40公里。,noimg,正确,错误,null,null,1,道路交通安全法律、法规和规章,8.5%
105,1,驾驶机动车通过窄路、窄桥时的最高速度不能超过每小时30公里。,noimg,正确,错误,null,null,0,道路交通安全法律、法规和规章,8%
106,2,这两辆车发生追尾的主要原因是什么？,img-32,前车采取制动时没看后视镜,前车采取制动过急,后车超车时距离前车太近,后车未与前车保持安全距离,3,道路交通安全法律、法规和规章,14%
107,0,驾驶机动车在下列哪种情形下不能超越前车？,noimg,前车减速让行,前车正在左转弯,前车靠边停车,前车正在右转弯,1,道路交通安全法律、法规和规章,11%
108,0,在没有中心线的道路上发现后车发出超车信号时，如果条件许可如何行驶？,noimg,保持原状态行驶,加速行驶,降速靠右让路,迅速停车让行,2,道路交通安全法律、法规和规章,12%
109,2,这种情况超车时，从前车的哪一侧超越？,img-33,左右两侧均可超越,从前车的右侧超越,从前车的左侧超越,从无障碍一侧超越,2,道路交通安全法律、法规和规章,14%
110,0,同车道行驶的车辆遇前车有下列哪种情形时不得超车？,noimg,减速让行,正常行驶,正在超车,正在停车,2,道路交通安全法律、法规和规章,14.5%
111,0,同车道行驶的车辆遇前车有下列哪种情形时不得超车？,noimg,正在停车,减速让行,正在掉头,正常行驶,2,道路交通安全法律、法规和规章,15%
112,0,同车道行驶的车辆前方遇到下列哪种车辆不得超车？,noimg,城市公交车,大型客车,超载大型货车,执行任务的警车,3,道路交通安全法律、法规和规章,19.5%
113,0,同车道行驶的车辆前方遇到下列哪种车辆不得超车？,noimg,大型客车,超载大型货车,执行任务的救护车,小型货车,2,道路交通安全法律、法规和规章,13.5%
114,0,同车道行驶的车辆前方遇到下列哪种车辆不得超车？,noimg,执行任务的消防车,大型客车,中型客车,超载大型货车,0,道路交通安全法律、法规和规章,13.5%
115,0,驾驶机动车行经市区下列哪种道路时不得超车？,noimg,主要街道,单向行驶路段,交通流量大的路段,单向两条行车道,2,道路交通安全法律、法规和规章,15%
116,0,驾驶机动车行经下列哪种路段不得超车？,noimg,主要街道,高架路,人行横道,环城高速,2,道路交通安全法律、法规和规章,11%
117,0,驾驶机动车行经下列哪种路段时不得超车？,noimg,高架路,交叉路口,中心街道,环城高速,1,道路交通安全法律、法规和规章,13%
118,0,驾驶机动车在下列哪种路段不得超车？,noimg,山区道路,城市高架路,城市快速路,窄桥、弯道,3,道路交通安全法律、法规和规章,11%
119,0,驾驶机动车在夜间超车时怎样使用灯光？,noimg,关闭前大灯,开启远光灯,开启雾灯,变换远、近光灯,3,道路交通安全法律、法规和规章,10.5%
120,3,遇到这种情况不能超车。,img-34,正确,错误,null,null,0,道路交通安全法律、法规和规章,9%
121,1,驾驶机动车超车应该提前开启左转向灯、变换使用远近光灯或鸣喇叭。,noimg,正确,错误,null,null,0,道路交通安全法律、法规和规章,9.5%
122,1,驾驶机动车超车后立即开启右转向灯驶回原车道。,noimg,正确,错误,null,null,1,道路交通安全法律、法规和规章,6%
123,3,在道路上遇到这种情况可以从两侧超车。,img-35,正确,错误,null,null,1,道路交通安全法律、法规和规章,10%
124,3,在这种的情况下可以加速超车。,img-36,正确,错误,null,null,1,道路交通安全法律、法规和规章,10.5%
125,3,遇到这种情况下可以从右侧超车。,img-37,正确,错误,null,null,1,道路交通安全法律、法规和规章,10%
126,1,驾驶机动车行经城市没有列车通过的铁路道口时允许超车。,noimg,正确,错误,null,null,1,道路交通安全法律、法规和规章,7.5%
127,1,驾驶机动车在隧道、陡坡等特殊路段不得超车。,noimg,正确,错误,null,null,0,道路交通安全法律、法规和规章,11%
128,2,遇到这种情形怎样行驶？,img-38,停车让对方车辆通过,开启左转向灯向左行驶,开前照灯告知对方让行,加速超越障碍后会车,0,道路交通安全法律、法规和规章,13%
129,0,驾驶机动车在没有道路中心线的狭窄山路怎样会车？,noimg,不靠山体的一方先行,靠山体的一方先行,重车让空车先行,速度慢的先行,0,道路交通安全法律、法规和规章,10.5%
130,0,夜间在道路上会车时，距离对向来车多远将远光灯改用近光灯？,noimg,100米以内,50米以内,200米以外,150米以外,3,道路交通安全法律、法规和规章,13%
131,0,驾驶机动车在没有中心线的道路上遇相对方向来车时怎样行驶？,noimg,紧靠路边行驶,靠路中心行驶,减速靠右行驶,借非机动车道行驶,2,道路交通安全法律、法规和规章,11%
132,0,夜间驾驶机动车在窄路、窄桥会车怎样使用灯光？,noimg,关闭所有灯光,开启近光灯,关闭前照灯,开启远光灯,1,道路交通安全法律、法规和规章,12.5%
133,3,遇到这种情况可以优先通行。,img-39,正确,错误,null,null,0,道路交通安全法律、法规和规章,9%
134,3,未上坡的车辆遇到这种情况让对向下坡车先行。,img-40,正确,错误,null,null,0,道路交通安全法律、法规和规章,12.5%
135,1,夜间驾驶机动车在窄路、窄桥会车时正确的做法是使用远光灯。,noimg,正确,错误,null,null,1,道路交通安全法律、法规和规章,8.5%
136,2,如何通过这种交叉路口？,img-41,保持速度通过,鸣笛催促,减速慢行,加速通过,2,道路交通安全法律、法规和规章,9.5%
137,2,怎样通过这样的路口？,img-42,不减速通过,加速尽快通过,减速或停车观察,紧随前车通过,2,道路交通安全法律、法规和规章,11.5%
138,2,在这个路口左转弯选择哪条车道？,img-43,最左侧车道,中间车道,不用变道,最右侧车道,0,道路交通安全法律、法规和规章,15%
139,2,在这个路口怎样左转弯？,img-44,靠路口中心点右侧转弯,靠路口中心点左侧转弯,骑路口中心点转弯,不能左转弯,1,道路交通安全法律、法规和规章,10%
140,2,进入这个路口如何通行？,img-45,鸣喇叭直接进入路口,让已在路口内的车辆先行,从路口内车辆前迅速插入,开启危险报警闪光灯加速进入,1,道路交通安全法律、法规和规章,16%
141,0,在路口右转弯遇同车道前车等候放行信号时如何行驶？,noimg,依次停车等候,鸣喇叭让前车让路,从右侧占道转弯,从前车左侧转弯,0,道路交通安全法律、法规和规章,13.5%
142,2,在这个路口右转弯如何通行？,img-46,直接向右转弯,抢在对面车前右转弯,鸣喇叭催促,先让对面车左转弯,3,道路交通安全法律、法规和规章,13.5%
143,2,"在路口直行时，遇这种情形如何通行？",img-47,开启危险报警闪光灯通行,直接加速直行通过,让右方道路车辆先行,让左方道路车辆先行,2,道路交通安全法律、法规和规章,11%
144,2,在路口遇这种情形怎样通行？,img-48,鸣喇叭告知让行,直接加速转弯,减速缓慢转弯,让左方来车先行,3,道路交通安全法律、法规和规章,16%
145,0,驾驶机动车通过没有交通信号的交叉路口怎样行驶？,noimg,减速慢行,加速通过,大型车先行,左侧车辆先行,0,道路交通安全法律、法规和规章,14%
146,0,驾驶机动车通过没有交通信号和管理人员的铁路道口怎样通过？,noimg,适当减速通过,空挡滑行通过,停车确认安全后通过,加速尽快通过,2,道路交通安全法律、法规和规章,11%
147,1,驾驶机动车通过交叉路口要遵守交通信号。,noimg,正确,错误,null,null,0,道路交通安全法律、法规和规章,14.5%
148,1,驾驶机动车在没有交通信号的路口要尽快通过。,noimg,正确,错误,null,null,1,道路交通安全法律、法规和规章,9%
149,3,在这种情况的铁路道口要加速通过。,img-49,正确,错误,null,null,1,道路交通安全法律、法规和规章,14%
150,3,行至这种情况的铁路道口要停车观察。,img-50,正确,错误,null,null,0,道路交通安全法律、法规和规章,6.5%
151,3,在这种情况的交叉路口转弯要让直行车先行。,img-51,正确,错误,null,null,0,道路交通安全法律、法规和规章,10%
152,3,在交叉路口遇到这种情况享有优先通行权。,img-52,正确,错误,null,null,0,道路交通安全法律、法规和规章,7.5%
153,3,在交叉路口遇到这种情况享有优先通行权。,img-53,正确,错误,null,null,1,道路交通安全法律、法规和规章,7.5%
154,2,遇有这种排队等候的情形怎么做？,img-54,从左侧跨越实线超越,从两侧随意超越,依次排队等候,从右侧借道超越,2,道路交通安全法律、法规和规章,11.5%
155,2,遇到前方车辆缓慢行驶时怎样行驶？,img-55,依次排队行驶,占对向车道超越,从右侧借道超越,从两侧随意超越,0,道路交通安全法律、法规和规章,10%
156,2,在路口遇到这种情形时怎样做？,img-56,停在网状线区域内等待,停在路口以外等待,跟随前车通过路口,停在路口内等待,1,道路交通安全法律、法规和规章,14.5%
157,0,驾驶机动车在车道减少的路口，遇到前方车辆依次停车或缓慢行驶时怎么办？,noimg,从前车右侧路肩进入路口,从有空隙一侧进入路口,每车道一辆依次交替驶入路口,向左变道穿插进入路口,2,道路交通安全法律、法规和规章,12%
158,0,驾驶机动车遇到前方车辆停车排队等候或缓慢行驶时怎么办？,noimg,可借道超车,占用对面车道,依次行驶,穿插等候的车辆,2,道路交通安全法律、法规和规章,11.5%
159,0,驾驶机动车遇有前方交叉路口交通阻塞时怎么办？,noimg,可借对向车道通过,依次停在路口外等候,从前车两侧穿插通过,进入路口内等候,1,道路交通安全法律、法规和规章,13%
160,1,驾驶机动车在没有交通信号的路口遇到前方车辆缓慢行驶时要依次交替通行。,noimg,正确,错误,null,null,0,道路交通安全法律、法规和规章,6%
161,3,遇到这种情况时，要加速从红车前变更车道。,img-57,正确,错误,null,null,1,道路交通安全法律、法规和规章,8%
162,3,在交叉路口遇到这种情况时，要在红灯亮以前加速通过路口。,img-58,正确,错误,null,null,1,道路交通安全法律、法规和规章,10%
163,3,遇到这种情况的路段，可以进入网状线区域内停车等候。,img-59,正确,错误,null,null,1,道路交通安全法律、法规和规章,11.5%
164,3,这辆小轿车不能在这个位置停车。,img-60,正确,错误,null,null,0,道路交通安全法律、法规和规章,8.5%
165,2,驾驶机动车遇到这种桥时首先怎样办？,img-61,保持匀速通过,尽快加速通过,停车察明水情,低速缓慢通过,2,道路交通安全法律、法规和规章,13.5%
166,1,驾驶机动车通过漫水路时要加速行驶。,noimg,正确,错误,null,null,1,道路交通安全法律、法规和规章,6%
167,1,驾驶机动车遇到漫水桥时要察明水情确认安全后再低速通过。,noimg,正确,错误,null,null,0,道路交通安全法律、法规和规章,11.5%
168,2,遇到这种情形时，应怎么办？,img-62,停车让行人先行,从行人前方绕行,鸣喇叭提醒行人,从行人后方绕行,0,道路交通安全法律、法规和规章,14%
169,3,行经这种交通标线的路段要加速行驶。,img-63,正确,错误,null,null,1,道路交通安全法律、法规和规章,10.5%
170,3,遇到这种情形时要停车避让行人。,img-64,正确,错误,null,null,0,道路交通安全法律、法规和规章,5%
171,2,在这种路口怎样进行掉头？,img-65,从中心线虚线处掉头,从右侧车道掉头,进入路口后掉头,在人行横道上掉头,0,道路交通安全法律、法规和规章,15.5%
172,2,遇到这种情况的路口，以下做法正确的是什么？,img-66,沿左侧车道掉头,该路口不能掉头,选择中间车道掉头,在路口内掉头,1,道路交通安全法律、法规和规章,9.5%
173,3,在这个路口可以掉头。,img-67,正确,错误,null,null,1,道路交通安全法律、法规和规章,11.5%
174,3,在这个路口不能掉头。,img-68,正确,错误,null,null,1,道路交通安全法律、法规和规章,8%
175,3,在这段道路上不能掉头。,img-69,正确,错误,null,null,0,道路交通安全法律、法规和规章,7%
176,1,驾驶机动车在铁路道口、桥梁、陡坡、隧道或者容易发生危险的路段不能掉头。,noimg,正确,错误,null,null,0,道路交通安全法律、法规和规章,9.5%
177,3,在这段道路上，只要不影响其他车辆通行的前提下可以掉头。,img-70,正确,错误,null,null,0,道路交通安全法律、法规和规章,9.5%
178,2,这位驾驶人违反法律规定的行为是什么？,img-71,没按规定握转向盘,座椅角度不对,没系安全带,驾驶姿势不正确,2,道路交通安全法律、法规和规章,9.5%
179,1,驾驶机动车在上道路行驶前驾驶人要按规定系好安全带。,noimg,正确,错误,null,null,0,道路交通安全法律、法规和规章,10.5%
180,1,机动车上路行驶时，前排乘车人可不系安全带。,noimg,正确,错误,null,null,1,道路交通安全法律、法规和规章,9.5%
181,1,机动车行驶中，车上少年儿童可不使用安全带。,noimg,正确,错误,null,null,1,道路交通安全法律、法规和规章,9.5%
182,2,找出这辆故障车有哪种违法行为？,img-72,没有开启危险报警闪光灯,没有将车停到路边,没有立即排除故障,没有设置警告标志,3,道路交通安全法律、法规和规章,14%
183,0,机动车在道路上发生故障，需要停车排除时，驾驶人应该怎么办？,noimg,将车停在道路中间,将车停到不妨碍交通的地方,开启近光灯或雾灯,就地停车排除故障,1,道路交通安全法律、法规和规章,13%
184,0,机动车在道路上发生故障，难以移动时下列做法正确的是什么？,noimg,开启危险报警闪光灯,开启车上所有灯光,禁止车上人员下车,在车前方设置警告标志,0,道路交通安全法律、法规和规章,8%
185,3,这辆停在路边的机动车没有违法行为。,img-73,正确,错误,null,null,1,道路交通安全法律、法规和规章,12.5%
186,1,机动车在道路上发生故障难以移动时要在车后50米以内设置警告标志。,noimg,正确,错误,null,null,1,道路交通安全法律、法规和规章,9.5%
187,1,机动车在道路上发生轻微交通事故且妨碍交通时，不需移动。,noimg,正确,错误,null,null,1,道路交通安全法律、法规和规章,8.5%
188,1,机动车在夜间道路上发生故障难以移动时要开启危险报警闪光灯、示廓灯、后位灯。,noimg,正确,错误,null,null,0,道路交通安全法律、法规和规章,8%
189,2,在这种情形中前车怎样行驶？,img-74,正常行驶,及时让行,开启危险报警闪光灯行驶,不得变更车道,1,道路交通安全法律、法规和规章,8.5%
190,1,行车中遇到执行紧急任务的消防车、救护车、工程救险车时要及时让行。,noimg,正确,错误,null,null,0,道路交通安全法律、法规和规章,7.5%
191,1,行车中遇到正在进行作业的道路养护车辆、工程作业车时要注意避让。,noimg,正确,错误,null,null,0,道路交通安全法律、法规和规章,5.5%
192,2,这样在路边临时停放机动车有什么违法行为？,img-75,停车占用机动车道,距离路边超过30厘米,在有禁停标线路段停车,在非机动车道停车,2,道路交通安全法律、法规和规章,13.5%
193,0,驾驶机动车需要在路边停车时怎样选择停车地点？,noimg,靠左侧路边逆向停放,在停车泊位内停放,在路边随意停放,在人行道上停放,1,道路交通安全法律、法规和规章,12.5%
194,2,这样在路边临时停放机动车有什么违法行为？,img-76,在人行横道上停车,距离路边超过30厘米,在有禁停标线路段停车,在非机动车道停车,0,道路交通安全法律、法规和规章,13%
195,2,这样临时停放红色轿车有什么违法行为？,img-77,距离路边超过30厘米,在有禁停标线路段停车,距离加油站不到30米,停车占用非机动车道,2,道路交通安全法律、法规和规章,14.5%
196,2,这样停放机动车什么违法行为？,img-78,在非机动车道停车,在有禁停标志路段停车,在公共汽车站停车,停车占用人行道,2,道路交通安全法律、法规和规章,11.5%
197,2,在距这段路多少米以内的路段不能停放机动车？,img-79,5米以内,10米以内,50米以内,30米以内,2,道路交通安全法律、法规和规章,10.5%
198,1,在道路上临时停车不得妨碍其他车辆和行人通行。,noimg,正确,错误,null,null,0,道路交通安全法律、法规和规章,7.5%
199,1,驾驶机动车找不到停车位时可以借人行道停放。,noimg,正确,错误,null,null,1,道路交通安全法律、法规和规章,4%
200,1,距离交叉路口50米以内的路段不能停车。,noimg,正确,错误,null,null,0,道路交通安全法律、法规和规章,7.5%
201,3,这个路段可以在非机动车道上临时停车。,img-80,正确,错误,null,null,1,道路交通安全法律、法规和规章,8.5%
202,1,社会车辆距离消防栓或者消防队(站)门前30米以内的路段不能停车。,noimg,正确,错误,null,null,0,道路交通安全法律、法规和规章,9.5%
203,1,距离桥梁、陡坡、隧道50米以内的路段不能停车。,noimg,正确,错误,null,null,0,道路交通安全法律、法规和规章,9%
204,1,距离宽度不足4米的窄路50米以内的路段不能停车。,noimg,正确,错误,null,null,0,道路交通安全法律、法规和规章,9.5%
205,1,机动车停稳前不能开车门和上下人员。,noimg,正确,错误,null,null,0,道路交通安全法律、法规和规章,6%
206,1,打开机动车车门时，不得妨碍其他车辆和行人通行。,noimg,正确,错误,null,null,0,道路交通安全法律、法规和规章,9.5%
207,2,在这段高速公路上行驶的最高车速是多少？,img-81,60公里/小时,90公里/小时,100公里/小时,120公里/小时,3,道路交通安全法律、法规和规章,16%
208,2,在这段高速公路上行驶的最低车速是多少？,img-82,100公里/小时,80公里/小时,60公里/小时,50公里/小时,2,道路交通安全法律、法规和规章,15%
209,2,在这条车道行驶的最低车速是多少？,img-83,60公里/小时,90公里/小时,100公里/小时,110公里/小时,2,道路交通安全法律、法规和规章,11%
210,2,在这条车道行驶的最低车速是多少？,img-84,100公里/小时,110公里/小时,60公里/小时,90公里/小时,3,道路交通安全法律、法规和规章,15%
211,2,在这条车道行驶的最高车速是多少？,img-85,100公里/小时,90公里/小时,120公里/小时,110公里/小时,1,道路交通安全法律、法规和规章,9.5%
212,1,驾驶小型载客汽车在高速公路行驶的最低车速为90公里/小时。,noimg,正确,错误,null,null,1,道路交通安全法律、法规和规章,6.5%
213,1,驾驶机动车在高速公路要按照限速标志标明的车速行驶。,noimg,正确,错误,null,null,0,道路交通安全法律、法规和规章,6.5%
214,2,在这个位置时怎样使用灯光？,img-86,开启右转向灯,开启左转向灯,开启危险报警闪光灯,开启前照灯,1,道路交通安全法律、法规和规章,12%
215,2,进入减速车道时怎样使用灯光？,img-87,开启危险报警闪光灯,开启前照灯,开启左转向灯,开启右转向灯,3,道路交通安全法律、法规和规章,16.5%
216,0,驾驶小型载客汽车在高速公路上时速超过100公里时的跟车距离是多少？,noimg,保持50米以上,保持60米以上,保持100米以上,保持80米以上,2,道路交通安全法律、法规和规章,9.5%
217,0,驾驶小型载客汽车在高速公路上时速低于100公里时的最小跟车距离是多少？,noimg,不得少于20米,不得少于10米,不得少于50米,不得少于30米,2,道路交通安全法律、法规和规章,12.5%
218,0,驾驶机动车在高速公路遇到能见度低于200米的气象条件时，最高车速是多少？,noimg,不得超过100公里/小时,不得超过90公里/小时,不得超过60公里/小时,不得超过80公里/小时,2,道路交通安全法律、法规和规章,9%
219,0,驾驶机动车在高速公路遇到能见度低于100米的气象条件时，最高车速是多少？,noimg,不得超过40公里/小时,不得超过60公里/小时,不得超过80公里/小时,不得超过90公里/小时,0,道路交通安全法律、法规和规章,15%
220,0,驾驶机动车在高速公路遇到能见度低于50米的气象条件时，车速不得超过20公里/小时，还应怎么做？,noimg,进入应急车道行驶,尽快驶离高速公路,尽快在路边停车,在路肩低速行驶,1,道路交通安全法律、法规和规章,15%
221,2,驾驶机动车驶离高速公路时，在这个位置怎样行驶？,img-88,驶入减速车道,继续向前行驶,车速保持100公里/小时,车速降到40公里/小时以下,0,道路交通安全法律、法规和规章,12.5%
222,3,可以从这个位置直接驶入高速公路行车道。,img-89,正确,错误,null,null,1,道路交通安全法律、法规和规章,7.5%
223,3,驶离高速公路可以从这个位置直接驶入匝道。,img-90,正确,错误,null,null,1,道路交通安全法律、法规和规章,9%
224,3,这辆小型载客汽车进入高速公路行车道的行为是正确的。,img-91,正确,错误,null,null,1,道路交通安全法律、法规和规章,9%
225,3,这辆小型载客汽车驶离高速公路行车道的方法是正确的。,img-92,正确,错误,null,null,0,道路交通安全法律、法规和规章,8%
226,2,这辆在高速公路上临时停放的故障车，警告标志应该设置在车后多远处？,img-93,150米以外,50～150米,50米以内,50～100米,0,道路交通安全法律、法规和规章,12.5%
227,0,机动车在高速公路上发生故障时错误的做法是什么？,noimg,按规定设置警告标志,车上人员不能下车,迅速报警,开启危险报警闪光灯,1,道路交通安全法律、法规和规章,17%
228,0,机动车在高速公路上发生故障或交通事故无法正常行驶时由什么车拖曳或牵引？,noimg,过路车,大客车,同行车,清障车,3,道路交通安全法律、法规和规章,14%
229,1,机动车在高速公路上发生故障时，在来车方向50至100米处设置警告标志。,noimg,正确,错误,null,null,1,道路交通安全法律、法规和规章,6.5%
230,1,机动车在高速公路上发生故障时，将车上人员迅速转移到右侧路肩上或者应急车道内，并且迅速报警。,noimg,正确,错误,null,null,0,道路交通安全法律、法规和规章,11%
231,1,机动车在高速公路上发生交通事故无法正常行驶时，用救援车、清障车拖曳、牵引。,noimg,正确,错误,null,null,0,道路交通安全法律、法规和规章,7.5%
232,0,在道路上发生未造成人员伤亡且无争议的轻微交通事故如何处置？,noimg,不要移动车辆,疏导其他车辆绕行,撤离现场自行协商,保护好现场再协商,2,道路交通安全法律、法规和规章,16.5%
233,1,驾驶机动车在道路上发生交通事故要立即将车移到路边。,noimg,正确,错误,null,null,1,道路交通安全法律、法规和规章,7.5%
234,1,驾驶人在发生交通事故后因抢救伤员变动现场时要标明位置。,noimg,正确,错误,null,null,0,道路交通安全法律、法规和规章,8.5%
235,1,在道路上发生交通事故造成人身伤亡时，要立即抢救受伤人员并迅速报警。,noimg,正确,错误,null,null,0,道路交通安全法律、法规和规章,9.5%
236,0,驾驶人连续驾驶不得超过多长时间？,noimg,6小时,8小时,10小时,4小时,3,道路交通安全法律、法规和规章,15.5%
237,0,驾驶人连续驾驶4小时以上，停车休息的时间不得少于多少？,noimg,10分钟,15分钟,20分钟,5分钟,2,道路交通安全法律、法规和规章,13.5%
238,0,在什么情况下不得行车？,noimg,车门没关好,驾乘人员系好安全带,顶窗没关好,车窗没关好,0,道路交通安全法律、法规和规章,10.5%
239,0,驾驶机动车下陡坡时不得有哪些危险行为？,noimg,空挡滑行,低挡行驶,制动减速,提前减挡,0,道路交通安全法律、法规和规章,12%
240,3,在这段道路上一定要减少鸣喇叭的频率。,img-94,正确,错误,null,null,1,道路交通安全法律、法规和规章,6.5%
241,1,在车门、车厢没有关好时不要驾驶机动车起步。,noimg,正确,错误,null,null,0,道路交通安全法律、法规和规章,7%
242,1,不要在驾驶室的前后窗范围内悬挂和放置妨碍驾驶人视线的物品。,noimg,正确,错误,null,null,0,道路交通安全法律、法规和规章,7.5%
243,1,行车中在道路情况良好的条件下可以观看车载视频。,noimg,正确,错误,null,null,1,道路交通安全法律、法规和规章,9%
244,1,驾驶小型汽车下陡坡时允许熄火滑行。,noimg,正确,错误,null,null,1,道路交通安全法律、法规和规章,5.5%
245,1,驾驶机动车时可以向道路上抛撒物品。,noimg,正确,错误,null,null,1,道路交通安全法律、法规和规章,9%
248,1,驾驶人违反交通运输管理法规发生重大事故致人重伤的可能判处3年以下徒刑或拘役。,noimg,正确,错误,null,null,0,道路交通安全法律、法规和规章,15%
249,1,驾驶人违反交通运输管理法规发生重大事故致人死亡的处3年以上有期徒刑。,noimg,正确,错误,null,null,1,道路交通安全法律、法规和规章,7%
250,1,驾驶人违反交通运输管理法规发生重大事故使公私财产遭受重大损失的可能处3年以下徒刑或拘役。,noimg,正确,错误,null,null,0,道路交通安全法律、法规和规章,8.5%
251,0,驾驶人违反交通运输管理法规发生重大事故致人死亡且逃逸的，处多少年有期徒刑？,noimg,7年以上,3年以下,3年以上7年以下,10年以上,2,道路交通安全法律、法规和规章,10.5%
252,0,驾驶人违反交通运输管理法规发生重大事故后，因逃逸致人死亡的，处多少年有期徒刑？,noimg,2年以下,3年以下,7年以下,7年以上,3,道路交通安全法律、法规和规章,12.5%
253,1,驾驶人违反交通运输管理法规发生重大事故后，逃逸或者有其他特别恶劣情节的，处7年以上有期徒刑。,noimg,正确,错误,null,null,1,道路交通安全法律、法规和规章,10%
254,1,驾驶人违反交通运输管理法规发生重大事故后，因逃逸致人死亡的，处3年以上7年以下有期徒刑。,noimg,正确,错误,null,null,1,道路交通安全法律、法规和规章,12%
255,0,驾驶机动车在道路上追逐竞驶，情节恶劣，会受到什么处罚？,noimg,处6个月徒刑,处1年以上徒刑,处管制，并处罚金,处拘役，并处罚金,3,道路交通安全法律、法规和规章,11%
256,1,驾驶人在道路上驾驶机动车追逐竞驶，情节恶劣的处3年以下有期徒刑。,noimg,正确,错误,null,null,1,道路交通安全法律、法规和规章,8.5%
257,0,醉酒驾驶机动车在道路上行驶会受到什么处罚？,noimg,处管制，并处罚金,处2年以上徒刑,处拘役，并处罚金,处2年以下徒刑,2,道路交通安全法律、法规和规章,11%
258,1,驾驶人在道路上醉酒驾驶机动车的处3年以上有期徒刑。,noimg,正确,错误,null,null,1,道路交通安全法律、法规和规章,5.5%
259,0,上道路行驶的机动车有哪种情形交通警察可依法扣留车辆？,noimg,未悬挂机动车号牌,未携带身份证,未携带保险合同,未放置城市环保标志,0,道路交通安全法律、法规和规章,13%
260,0,上道路行驶的机动车有哪种情形交通警察可依法扣留车辆？,noimg,未放置检验合格标志,未携带身份证,未放置城市环保标志,未携带机动车登记证书,0,道路交通安全法律、法规和规章,16.5%
261,0,上道路行驶的机动车有哪种情形交通警察可依法扣留车辆？,noimg,未携带机动车登记证书,未携带保险合同,未放置城市环保标志,未放置保险标志,3,道路交通安全法律、法规和规章,14%
262,0,驾驶人未携带哪种证件驾驶机动车上路，交通警察可依法扣留车辆？,noimg,机动车驾驶证,居民身份证,机动车通行证,从业资格证,0,道路交通安全法律、法规和规章,14%
263,0,驾驶人未携带哪种证件驾驶机动车上路，交通警察可依法扣留车辆？,noimg,机动车行驶证,从业资格证,居民身份证,机动车通行证,0,道路交通安全法律、法规和规章,9.5%
264,1,对未放置检验合格标志上道路行驶的车辆，交通警察可依法予以扣留。,noimg,正确,错误,null,null,0,道路交通安全法律、法规和规章,11%
265,1,交通警察对未放置保险标志上道路行驶的车辆可依法扣留行驶证。,noimg,正确,错误,null,null,1,道路交通安全法律、法规和规章,8.5%
266,1,对有伪造或变造号牌、行驶证嫌疑的车辆，交通警察可依法予以扣留,noimg,正确,错误,null,null,0,道路交通安全法律、法规和规章,8%
267,1,对有使用伪造或变造检验合格标志嫌疑的车辆，交通警察只进行罚款处罚。,noimg,正确,错误,null,null,1,道路交通安全法律、法规和规章,8.5%
268,1,对使用其他车辆号牌、行驶证的车辆，交通警察可依法予以扣留。,noimg,正确,错误,null,null,0,道路交通安全法律、法规和规章,6.5%
269,1,对未按照国家规定投保交强险的车辆，交通警察可依法予以扣留。,noimg,正确,错误,null,null,0,道路交通安全法律、法规和规章,11.5%
270,1,对发生道路交通事故需要收集证据的事故车，交通警察可以依法扣留。,noimg,正确,错误,null,null,0,道路交通安全法律、法规和规章,11%
271,1,驾驶人有使用其他车辆号牌、行驶证嫌疑的，交通警察可依法扣留车辆。,noimg,正确,错误,null,null,0,道路交通安全法律、法规和规章,8%
272,1,驾驶人有使用其他车辆检验合格标志嫌疑的，交通警察可依法扣留车辆。,noimg,正确,错误,null,null,0,道路交通安全法律、法规和规章,11%
273,1,驾驶人有使用其他车辆保险标志嫌疑的，交通警察可依法扣留车辆。,noimg,正确,错误,null,null,0,道路交通安全法律、法规和规章,9.5%
274,0,驾驶人有哪种情形，交通警察可依法扣留机动车驾驶证？,noimg,超过规定速度10%,疲劳后驾驶机动车,行车中未系安全带,饮酒后驾驶机动车,3,道路交通安全法律、法规和规章,12.5%
275,0,驾驶人将机动车交由什么样的人驾驶的，交通警察可依法扣留机动车驾驶证？,noimg,实习期驾驶人,取得驾驶证的人,驾驶证被吊销的人,驾驶证记分达到6分的人,2,道路交通安全法律、法规和规章,17%
276,1,驾驶人将机动车交给驾驶证被吊销的人驾驶的，交通警察依法扣留驾驶证。,noimg,正确,错误,null,null,0,道路交通安全法律、法规和规章,9.5%
277,1,驾驶人将机动车交给驾驶证被暂扣的人驾驶的，交通警察给予口头警告。,noimg,正确,错误,null,null,1,道路交通安全法律、法规和规章,8%
278,1,驾驶人驾驶有达到报废标准嫌疑机动车上路的，交通警察依法予以拘留。,noimg,正确,错误,null,null,1,道路交通安全法律、法规和规章,4%
279,1,驾驶人在一个记分周期内累积记分达到12分的，交通警察依法扣留驾驶证。,noimg,正确,错误,null,null,0,道路交通安全法律、法规和规章,7.5%
280,1,驾驶机动车碰撞建筑物、公共设施后可即行撤离现场。,noimg,正确,错误,null,null,1,道路交通安全法律、法规和规章,6.5%
281,1,发生交通事故造成人员受伤时，要保护现场并立即报警。,noimg,正确,错误,null,null,0,道路交通安全法律、法规和规章,11%
282,1,道路交通事故中，驾驶人有饮酒、醉酒嫌疑时，要保护现场并立即报警。,noimg,正确,错误,null,null,0,道路交通安全法律、法规和规章,11%
283,1,道路交通事故中，机动车无号牌、检验合格标志、保险标志时，要保护现场并立即报警。,noimg,正确,错误,null,null,0,道路交通安全法律、法规和规章,10.5%
284,1,驾驶机动车发生财产损失交通事故，当事人对事实及成因无争议的可先撤离现场。,noimg,正确,错误,null,null,0,道路交通安全法律、法规和规章,6.5%
285,1,驾驶机动车发生财产损失交通事故后，当事人对事实及成因无争议移动车辆时需要对现场拍照或者标划停车位置。,noimg,正确,错误,null,null,0,道路交通安全法律、法规和规章,7.5%
286,1,机动车发生财产损失交通事故，对应当自行撤离现场而未撤离的，交通警察不可以责令当事人撤离现场。,noimg,正确,错误,null,null,1,道路交通安全法律、法规和规章,9.5%
287,1,机动车发生财产损失交通事故，对应当自行撤离现场而未撤离造成交通堵塞的，可以对驾驶人处以200元罚款。,noimg,正确,错误,null,null,0,道路交通安全法律、法规和规章,9%
288,0,申请小型汽车准驾车型驾驶证的人年龄条件是多少？,noimg,18周岁以上60周岁以下,18周岁以上70周岁以下,24周岁以上70周岁以下,21周岁以上50周岁以下,1,道路交通安全法律、法规和规章,14%
289,0,3年内有下列哪种行为的人不得申请机动车驾驶证？,noimg,注射胰岛素,酒醉经历,吸烟成瘾,注射毒品,3,道路交通安全法律、法规和规章,13.5%
290,1,申请小型汽车、三轮汽车驾驶证的，年龄应在18周岁以上70周岁以下。,noimg,正确,错误,null,null,0,道路交通安全法律、法规和规章,6.5%
291,1,酒后驾驶发生重大交通事故被依法追究刑事责任的人不能申请机动车驾驶证。,noimg,正确,错误,null,null,0,道路交通安全法律、法规和规章,11.5%
292,1,造成交通事故后逃逸构成犯罪的人不能申请机动车驾驶证。,noimg,正确,错误,null,null,0,道路交通安全法律、法规和规章,10.5%
293,0,驾驶人在驾驶证有效期满前多长时间申请换证？,noimg,60日内,30日内,90日内,6个月内,2,道路交通安全法律、法规和规章,14.5%
294,0,驾驶人户籍迁出原车辆管理所需要向什么地方的车辆管所提出申请？,noimg,迁出地,居住地,迁入地,所在地,2,道路交通安全法律、法规和规章,12.5%
295,0,驾驶证记载的驾驶人信息发生变化的要在多长时间内申请换证？,noimg,30日,40日,50日,60日,0,道路交通安全法律、法规和规章,13.5%
296,1,驾驶人在驾驶证核发地车辆管理所管辖区以外居住的，可以向居住地车辆管理所申请换证。,noimg,正确,错误,null,null,0,道路交通安全法律、法规和规章,8%
297,0,道路交通违法行为累积记分周期是多长时间？,noimg,14个月,12个月,6个月,10个月,1,道路交通安全法律、法规和规章,12.5%
298,1,道路交通安全违法行为累积记分一个周期满分为12分。,noimg,正确,错误,null,null,0,道路交通安全法律、法规和规章,9.5%
299,1,驾驶人记分没有达到满分，有罚款尚未缴纳的，记分转入下一记分周期。,noimg,正确,错误,null,null,0,道路交通安全法律、法规和规章,10%
300,0,持小型汽车驾驶证的驾驶人在下列哪种情况下需要接受审验？,noimg,一个记分周期末,有效期满换发驾驶证时,记分周期未满分,记分周期满12分,1,道路交通安全法律、法规和规章,7%
301,0,驾驶人因服兵役、出国（境）等原因无法办理审验时，延期审验期限最长不超过多长时间？,noimg,3年,5年,1年,2年,0,道路交通安全法律、法规和规章,13.5%
302,1,小型汽车驾驶人发生交通事故造成人员死亡，承担同等以上责任未被吊销驾驶证的，应当在记分周期结束后30日内接受审验。,noimg,正确,错误,null,null,0,道路交通安全法律、法规和规章,11.5%
303,1,驾驶人因服兵役、出国（境）等原因延期审验期间不得驾驶机动车。,noimg,正确,错误,null,null,0,道路交通安全法律、法规和规章,10.5%
304,0,年龄在60周岁以上的驾驶人多长时间提交一次身体条件证明？,noimg,每3年,每2年,每6个月,每1年,3,道路交通安全法律、法规和规章,7.5%
305,1,大型客车、牵引车、城市公交车、中型客车、大型货车驾驶人应当每两年提交一次身体条件证明.,noimg,正确,错误,null,null,1,道路交通安全法律、法规和规章,6%
306,0,机动车驾驶人初次申请机动车驾驶证和增加准驾车型后的多长时间为实习期？,noimg,6个月,12个月,2年,3个月,1,道路交通安全法律、法规和规章,11%
307,1,初次申领驾驶证的驾驶人在实习期内可以单独驾驶机动车上高速公路行驶。,noimg,正确,错误,null,null,1,道路交通安全法律、法规和规章,11%
308,1,驾驶人在实习期内驾驶机动车时，应当在车身后部粘贴或者悬挂统一式样的实习标志。,noimg,正确,错误,null,null,0,道路交通安全法律、法规和规章,7.5%
309,1,机动车驾驶人在实习期内有记满12分记录的，注销其实习的准驾车型驾驶资格。,noimg,正确,错误,null,null,0,道路交通安全法律、法规和规章,9.5%
310,0,提供虚假材料申领驾驶证的申请人会承担下列哪种法律责任？,noimg,处20元以上200元以下罚款,取消申领驾驶证资格,1年内不得再次申领驾驶证,2年内不能再次申领驾驶证,2,道路交通安全法律、法规和规章,15%
311,1,伪造、变造或者使用伪造、变造驾驶证的驾驶人构成犯罪的，将依法追究刑事责任。,noimg,正确,错误,null,null,0,道路交通安全法律、法规和规章,6%
312,0,驾驶人有下列哪种违法行为一次记12分？,noimg,违反交通信号灯,使用伪造机动车号牌,拨打、接听手机的,违反禁令标志指示,1,道路交通安全法律、法规和规章,9.5%
313,0,驾驶与准驾车型不符的机动车一次记几分？,noimg,2分,3分,6分,12分,3,道路交通安全法律、法规和规章,11.5%
314,0,饮酒后驾驶机动车一次记几分？,noimg,3分,2分,6分,12分,3,道路交通安全法律、法规和规章,12%
315,0,造成交通事故后逃逸，尚不构成犯罪的一次记几分？,noimg,3分,2分,12分,6分,2,道路交通安全法律、法规和规章,11.5%
316,0,上道路行驶的机动车未悬挂机动车号牌的一次记几分？,noimg,6分,12分,2分,3分,1,道路交通安全法律、法规和规章,14.5%
317,0,上道路行驶的机动车故意遮挡、污损、不按规定安装机动车号牌的一次记几分？,noimg,2分,3分,6分,12分,3,道路交通安全法律、法规和规章,9.5%
318,0,使用伪造、变造的机动车号牌一次记几分？,noimg,2分,3分,12分,6分,2,道路交通安全法律、法规和规章,13.5%
319,0,使用伪造、变造的行驶证一次记几分？,noimg,6分,3分,2分,12分,3,道路交通安全法律、法规和规章,13%
320,0,驾驶人有下列哪种违法行为一次记6分？,noimg,使用其他车辆行驶证,车速超过规定时速50%以上,违法占用应急车道行驶,饮酒后驾驶机动车,2,道路交通安全法律、法规和规章,10%
321,0,驾驶人驾驶机动车违反道路交通信号灯通行一次记多少分?,noimg,2分,3分,6分,12分,2,道路交通安全法律、法规和规章,16.5%
322,0,有下列哪种违法行为的机动车驾驶人将被一次记6分？,noimg,驾驶机动车违反道路交通信号灯,未取得校车驾驶资格驾驶校车,驾驶与准驾车型不符的机动车,饮酒后驾驶机动车,0,道路交通安全法律、法规和规章,9%
323,0,有下列哪种违法行为的机动车驾驶人将被一次记12分？,noimg,机动车驾驶证被暂扣期间驾驶机动车的,以隐瞒、欺骗手段补领机动车驾驶证的,驾驶机动车不按照规定避让校车的,驾驶故意污损号牌的机动车上道路行驶,3,道路交通安全法律、法规和规章,14%
324,1,造成交通事故后逃逸，尚不构成犯罪的一次记12分。,noimg,正确,错误,null,null,0,道路交通安全法律、法规和规章,8.5%
325,1,饮酒后驾驶机动车的一次记12分。,noimg,正确,错误,null,null,0,道路交通安全法律、法规和规章,8.5%
326,1,使用伪造、变造的驾驶证一次记12分。,noimg,正确,错误,null,null,0,道路交通安全法律、法规和规章,6.5%
327,1,使用其他机动车号牌、行驶证的一次记3分。,noimg,正确,错误,null,null,1,道路交通安全法律、法规和规章,7%
328,1,驾驶机动车在高速公路上倒车、逆行、穿越中央分隔带掉头的一次记6分。,noimg,正确,错误,null,null,1,道路交通安全法律、法规和规章,8%
329,1,违反交通信号灯通行的一次记6分。,noimg,正确,错误,null,null,0,道路交通安全法律、法规和规章,6%
330,1,车速超过规定时速50%以上的一次记12分。,noimg,正确,错误,null,null,0,道路交通安全法律、法规和规章,6.5%
331,1,车速超过规定时速达到50%的一次记3分。,noimg,正确,错误,null,null,1,道路交通安全法律、法规和规章,8.5%
332,1,驾驶机动车在高速公路违法占用应急车道行驶的一次记6分。,noimg,正确,错误,null,null,0,道路交通安全法律、法规和规章,7.5%
333,1,驾驶机动车不按照规定避让校车的，一次记6分。,noimg,正确,错误,null,null,0,道路交通安全法律、法规和规章,9.5%
334,0,已注册登记的小型载客汽车有下列哪种情形，所有人不需要办理变更登记？,noimg,机动车更换发动机,加装前后防撞装置,改变车身颜色,更换车身或者车架,1,道路交通安全法律、法规和规章,9%
335,1,机动车达到国家规定的强制报废标准的不能办理注册登记。,noimg,正确,错误,null,null,0,道路交通安全法律、法规和规章,6%
336,1,机动车行驶证灭失、丢失，机动车所有人要向登记地车辆管理所申请补领、换领。,noimg,正确,错误,null,null,0,道路交通安全法律、法规和规章,8%
337,1,机动车号牌损毁，机动车所有人要向登记地车辆管理所申请补领、换领。,noimg,正确,错误,null,null,0,道路交通安全法律、法规和规章,11.5%
338,2,驾驶机动车在路口直行遇到这种信号灯应该怎样行驶？,img-95,进入路口等待,左转弯行驶,加速直行通过,不得越过停止线,3,交通信号,10%
339,3,驾驶机动车行驶到这个位置时，如果车前轮已越过停止线可以继续通过。,img-96,正确,错误,null,null,1,交通信号,30%
340,3,驾驶机动车在这种信号灯亮的路口，可以右转弯。,img-97,正确,错误,null,null,0,交通信号,24%
341,3,驾驶机动车在路口遇到这种信号灯禁止通行。,img-98,正确,错误,null,null,1,交通信号,28%
342,1,绿灯亮表示前方路口允许机动车通行。,noimg,正确,错误,null,null,0,交通信号,23%
343,3,驾驶机动车在路口遇到这种信号灯亮时，要在停止线前停车瞭望。,img-99,正确,错误,null,null,1,交通信号,27.5%
344,3,驾驶机动车在路口遇到这种信号灯亮时，不能右转弯。,img-100,正确,错误,null,null,1,交通信号,20.5%
345,3,驾驶机动车遇到这种信号灯，可在对面直行车前直接向左转弯。,img-101,正确,错误,null,null,1,交通信号,26%
346,2,驾驶机动车在路口遇到这种信号灯表示什么意思？,img-102,禁止右转,路口警示,准许直行,加速通过,1,交通信号,11%
347,3,驾驶机动车在路口看到这种信号灯亮时，要加速通过。,img-103,正确,错误,null,null,1,交通信号,27%
348,3,驾驶机动车在前方路口不能右转弯。,img-104,正确,错误,null,null,1,交通信号,25%
349,3,驾驶机动车遇到这种信号灯亮时，如果已越过停止线，可以继续通行。,img-105,正确,错误,null,null,0,交通信号,27%
350,2,遇到这种情况时怎样行驶？,img-106,加速进入两侧车道行驶,进入右侧车道行驶,减速进入两侧车道行驶,禁止车辆在两侧车道通行,3,交通信号,10%
351,3,遇到这种情况时，中间车道不允许车辆通行。,img-107,正确,错误,null,null,0,交通信号,24%
352,3,这辆红色轿车可以在该车道行驶。,img-108,正确,错误,null,null,1,交通信号,24.5%
353,3,驾驶机动车要选择绿色箭头灯亮的车道行驶。,img-109,正确,错误,null,null,0,交通信号,22.5%
354,2,这个路口允许车辆怎样行驶？,img-110,直行或向右转弯,向左转弯,直行或向左转弯,向左、向右转弯,0,交通信号,12.5%
355,2,这个路口允许车辆怎样行驶？,img-111,直行或向右转弯,向右转弯,向左转弯,直行,2,交通信号,12%
356,2,这个路口允许车辆怎样行驶？,img-112,直行,向右转弯,向左转弯,直行或向左转弯,1,交通信号,14.5%
357,3,驾驶机动车在这种情况下不能左转弯。,img-113,正确,错误,null,null,0,交通信号,26%
358,3,驾驶机动车在这种情况下可以右转弯。,img-114,正确,错误,null,null,1,交通信号,25.5%
359,3,驾驶机动车在这种情况下不能直行和左转弯,img-115,正确,错误,null,null,0,交通信号,27%
360,2,驾驶机动车遇到这种信号灯不断闪烁时怎样行驶？,img-116,尽快加速通过,靠边停车等待,禁止通行,注意瞭望安全通过,3,交通信号,13%
361,1,路口黄灯持续闪烁，警示驾驶人要注意瞭望，确认安全通过。,noimg,正确,错误,null,null,0,交通信号,21.5%
362,1,黄灯持续闪烁，表示机动车可以加速通过。,noimg,正确,错误,null,null,1,交通信号,22%
363,2,驾驶机动车在铁路道口看到这种信号灯时怎样行驶？,img-117,在火车到来前通过,不得越过停止线,边观察边缓慢通过,不换挡加速通过,1,交通信号,13%
364,3,在铁路道口遇到两个红灯交替闪烁时要停车等待。,img-118,正确,错误,null,null,0,交通信号,21%
365,3,在道路与铁路道口遇到一个红灯亮时要尽快通过道口。,img-119,正确,错误,null,null,1,交通信号,28%
366,2,这属于哪一类标志？,img-120,指示标志,禁令标志,警告标志,指路标志,2,交通信号,13.5%
367,2,这个标志是何含义？,img-121,十字交叉路口,环行交叉路口,T型交叉路口,Y型交叉路口,0,交通信号,12%
368,2,这个标志是何含义？,img-122,Y型交叉路口,T型交叉路口,十字交叉路口,环行交叉路口,1,交通信号,14%
369,2,这个标志是何含义？,img-123,向右急转弯,向右绕行,连续弯路,向左急转弯,0,交通信号,13%
370,2,这个标志是何含义？,img-124,向左绕行,连续弯路,向左急转弯,向右急转弯,2,交通信号,13.5%
371,2,这个标志是何含义？,img-125,连续弯路,反向弯路,急转弯路,N型弯路,1,交通信号,11%
372,2,这个标志是何含义？,img-126,急转弯路,反向弯路,连续弯路,N型弯路,2,交通信号,11%
373,2,这个标志是何含义？,img-127,下陡坡,连续上坡,上陡坡,堤坝路,2,交通信号,12.5%
374,2,这个标志是何含义？,img-128,堤坝路,上陡坡,连续上坡,下陡坡,3,交通信号,12.5%
375,2,这个标志是何含义？,img-129,连续下坡,下陡坡,上陡坡,连续上坡,0,交通信号,14.5%
376,2,这个标志是何含义？,img-130,两侧变窄,右侧变窄,左侧变窄,宽度变窄,0,交通信号,14.5%
377,2,这个标志是何含义？,img-131,右侧变窄,左侧变窄,宽度变窄,两侧变窄,0,交通信号,13%
378,2,这个标志是何含义？,img-132,右侧变窄,两侧变窄,左侧变窄,宽度变窄,2,交通信号,11%
379,2,这个标志是何含义？,img-133,左侧变窄,窄桥,窄路,右侧变窄,1,交通信号,11.5%
380,2,这个标志是何含义？,img-134,减速让行,潮汐车道,分离式道路,双向交通,3,交通信号,16%
381,2,这个标志是何含义？,img-135,注意行人,注意儿童,学校区域,人行横道,0,交通信号,13.5%
382,2,这个标志是何含义？,img-136,学校区域,注意儿童,人行横道,注意行人,1,交通信号,13%
383,2,这个标志是何含义？,img-137,注意牲畜,注意野生动物,野生动物保护区,大型畜牧场,0,交通信号,11.5%
384,2,这个标志是何含义？,img-138,注意野生动物,注意牲畜,动物公园,开放的牧区,0,交通信号,13.5%
385,2,这个标志是何含义？,img-139,人行横道灯,注意行人,注意信号灯,交叉路口,2,交通信号,12%
386,2,这个标志是何含义？,img-140,傍山险路,悬崖路段,注意落石,危险路段,2,交通信号,11%
387,2,这个标志是何含义？,img-141,隧道入口,气象台,注意横风,风向标,2,交通信号,10.5%
388,2,这个标志是何含义？,img-142,易滑路段,急转弯路,试车路段,曲线路段,0,交通信号,13%
389,2,这个标志是何含义？,img-143,堤坝路,傍山险路,落石路,临崖路,1,交通信号,9.5%
390,2,这个标志是何含义？,img-144,堤坝路,临崖路,傍水路,易滑路,0,交通信号,10.5%
391,2,这个标志是何含义？,img-145,注意行人,有人行横道,村庄或集镇,有小学校,2,交通信号,15%
392,2,这个标志是何含义？,img-146,水渠,桥梁,隧道,涵洞,2,交通信号,13%
393,2,这个标志是何含义？,img-147,漫水桥,渡口,船用码头,过水路面,1,交通信号,10%
394,2,这个标志是何含义？,img-148,驼峰桥,路面高突,路面低洼,不平路面,0,交通信号,14%
395,2,这个标志是何含义？,img-149,路面低洼,驼峰桥,路面不平,路面高突,2,交通信号,12%
396,2,这个标志是何含义？,img-150,路面不平,路面高突,路面低洼,驼峰桥,1,交通信号,11.5%
397,2,这个标志是何含义？,img-151,路面不平,路面低洼,路面高突,有驼峰桥,1,交通信号,15.5%
398,2,这个标志是何含义？,img-152,泥泞道路,低洼路面,过水路面,渡口,2,交通信号,14.5%
399,2,这个标志是何含义？,img-153,有人看守铁路道口,多股铁路与道路相交,立交式的铁路道口,无人看守铁路道口,0,交通信号,7%
400,2,这个标志是何含义？,img-154,注意长时鸣喇叭,无人看守铁路道口,有人看守铁路道口,多股铁路与道路相交,1,交通信号,7%
401,2,这个标志是何含义？,img-155,有人看守铁路道口,无人看守铁路道口,多股铁路与道路相交,注意避让火车,2,交通信号,10.5%
402,2,这个标志是何含义？,img-156,距无人看守铁路道口100米,距有人看守铁路道口100米,距无人看守铁路道口50米,距有人看守铁路道口50米,2,交通信号,14.5%
403,2,这个标志是何含义？,img-157,距有人看守铁路道口50米,距无人看守铁路道口100米,距有人看守铁路道口100米,距无人看守铁路道口50米,1,交通信号,11%
404,2,这个标志是何含义？,img-158,距无人看守铁路道口150米,距无人看守铁路道口100米,距有人看守铁路道口100米,距有人看守铁路道口150米,0,交通信号,11.5%
405,2,这个标志是何含义？,img-159,非机动车道,避让非机动车,禁止非机动车通行,注意非机动车,3,交通信号,10.5%
406,2,这个标志是何含义？,img-160,残疾人出入口,注意残疾人,残疾人休息处,残疾人专用通道,1,交通信号,12.5%
407,2,这个标志是何含义？,img-161,事故易发路段,施工路段,减速慢行路段,拥堵路段,0,交通信号,12.5%
408,2,这个标志是何含义？,img-162,车多路段,慢行,拥堵路段,施工路段,1,交通信号,11%
409,2,这个标志是何含义？,img-163,施工路段绕行,双向交通,左右绕行,注意危险,2,交通信号,11.5%
410,2,这个标志是何含义？,img-164,注意危险,右侧绕行,左侧绕行,单向通行,2,交通信号,9.5%
411,2,这个标志是何含义？,img-165,右侧绕行,单向通行,注意危险,左侧绕行,0,交通信号,11.5%
412,2,这个标志是何含义？,img-166,减速慢行,注意危险,拥堵路段,事故多发路段,1,交通信号,12%
413,2,这个标志是何含义？,img-167,塌方路段,施工路段,前方工厂,道路堵塞,1,交通信号,8%
414,2,这个标志是何含义？,img-168,最高速度,限制速度,建议速度,最低速度,2,交通信号,9%
415,2,这个标志是何含义？,img-169,隧道减速,隧道开远光灯,隧道开灯,隧道开示宽灯,2,交通信号,11%
416,2,这个标志是何含义？,img-170,注意双向行驶,靠两侧行驶,注意潮汐车道,可变车道,2,交通信号,10%
417,2,这个标志是何含义？,img-171,两侧变窄路段,车速测试路段,车距确认路段,注意保持车距,3,交通信号,15%
418,2,这个标志是何含义？,img-172,平面交叉路口,环行平面交叉,注意交互式道路,注意分离式道路,3,交通信号,10%
419,2,这个标志是何含义？,img-173,Y型交叉口,主路让行,注意分流,注意合流,3,交通信号,12.5%
420,2,这个标志是何含义？,img-174,避险车道,应急车道,路肩,急弯道,0,交通信号,11%
421,2,这属于哪一类标志？,img-175,禁令标志,指示标志,指路标志,警告标志,0,交通信号,13.5%
422,0,禁令标志的作用是什么？,noimg,指示车辆行进,警告前方危险,禁止或限制行为,告知方向信息,2,交通信号,13%
423,2,这个标志是何含义？,img-176,停车让行,不准临时停车,不准车辆驶入,不准长时间停车,0,交通信号,10%
424,2,这个标志是何含义？,img-177,不准让行,会车让行,减速让行,停车让行,2,交通信号,11%
425,2,这个标志是何含义？,img-178,会车时停车让右侧车先行,右侧道路禁止车通行,前方是双向通行路段,会车时停车让对方车先行,3,交通信号,11.5%
426,2,这个标志是何含义？,img-179,禁止通行,减速行驶,限时进入,禁止驶入,0,交通信号,11.5%
427,2,这个标志提示哪种车型禁止通行？,img-180,各种车辆,小型客车,中型客车,小型货车,1,交通信号,8.5%
428,2,这个标志是何含义？,img-181,禁止车辆掉头,禁止向左变道,禁止向左转弯,禁止驶入左车道,2,交通信号,14%
429,2,这个标志是何含义？,img-182,禁止驶入路口,禁止向右转弯,禁止变更车道,禁止车辆掉头,1,交通信号,13.5%
430,2,这个标志是何含义？,img-183,禁止向右转弯,禁止掉头,禁止直行,禁止向左转弯,2,交通信号,13%
431,2,这个标志是何含义？,img-184,禁止在路口掉头,禁止向左向右变道,禁止向左向右转弯,禁止车辆直行,2,交通信号,13.5%
432,2,这个标志是何含义？,img-185,禁止直行和向左变道,禁止直行和向左转弯,允许直行和向左变道,禁止直行和向右转弯,1,交通信号,14.5%
433,2,这个标志是何含义？,img-186,禁止直行和向左变道,禁止直行和向左转弯,允许直行和向左变道,禁止直行和向右转弯,3,交通信号,9.5%
434,2,这个标志是何含义？,img-187,禁止变道,禁止左转,禁止直行,禁止掉头,3,交通信号,15%
435,2,这个标志是何含义？,img-188,禁止借道,禁止变道,禁止超车,禁止掉头,2,交通信号,10.5%
436,2,这个标志是何含义？,img-189,解除禁止超车,准许变道行驶,解除禁止变道,解除禁止借道,0,交通信号,14%
437,2,这个标志是何含义？,img-190,允许临时停车,允许长时停车,禁止长时停车,禁止停放车辆,3,交通信号,10.5%
438,2,这个标志是何含义？,img-191,禁止临时停车,禁止长时停车,禁止停放车辆,允许长时停车,1,交通信号,11.5%
439,2,这个标志是何含义？,img-192,禁止长时鸣喇叭,断续鸣喇叭,减速鸣喇叭,禁止鸣喇叭,3,交通信号,8%
440,2,这个标志是何含义？,img-193,预告宽度为3米,限制宽度为3米,解除3米限宽,限制高度为3米,1,交通信号,14.5%
441,2,这个标志是何含义？,img-194,限制宽度为3.5米,解除3.5米限高,限制车距为3.5米,限制高度为3.5米,3,交通信号,10.5%
442,2,这个标志是何含义？,img-195,前方40米减速,最低时速40公里,限制40吨轴重,限制最高时速40公里,3,交通信号,12.5%
443,2,这个标志是何含义？,img-196,40米减速行驶路段,最低时速40公里,最高时速40公里,解除时速40公里限制,3,交通信号,10.5%
444,2,这个标志是何含义？,img-197,海关检查,停车检查,边防检查,禁止通行,1,交通信号,14%
445,2,这个标志是何含义？,img-198,国界,边防,边界,海关,3,交通信号,17%
446,2,这属于哪一类标志？,img-199,指路标志,指示标志,禁令标志,警告标志,1,交通信号,11.5%
447,0,指示标志的作用是什么？,noimg,告知方向信息,警告前方危险,限制车辆、行人通行,指示车辆、行人行进,3,交通信号,14%
448,2,这个标志是何含义？,img-200,直行车道,只准直行,单行路,禁止直行,1,交通信号,10%
449,2,这个标志是何含义？,img-201,向左转弯,禁止直行,直行车道,单行路,0,交通信号,14.5%
450,2,这个标志是何含义？,img-202,向右转弯,单行路,只准直行,直行车道,0,交通信号,9.5%
451,2,这个标志是何含义？,img-203,直行和向左转弯,直行和向右转弯,禁止直行和向右转弯,只准向左和向右转弯,1,交通信号,12%
452,2,这个标志是何含义？,img-204,直行和向右转弯,直行和向左转弯,禁止直行和向左转弯,只准向右和向左转弯,1,交通信号,13.5%
453,2,这个标志是何含义？,img-205,禁止向左转弯,向左和向右转弯,禁止向左右转弯,禁止向右转弯,1,交通信号,11.5%
454,2,这个标志是何含义？,img-206,右侧是下坡路段,靠右侧道路行驶,靠道路右侧停车,只准向右转弯,1,交通信号,12.5%
455,2,这个标志是何含义？,img-207,靠道路左侧停车,左侧是下坡路段,只准向左转弯,靠左侧道路行驶,3,交通信号,10.5%
456,2,这个标志是何含义？,img-208,立体交叉直行和左转弯行驶,立体交叉直行和右转弯行驶,直行和左转弯行驶,直行和右转弯行驶,0,交通信号,12.5%
457,2,这个标志是何含义？,img-209,直行和左转弯行驶,直行和右转弯行驶,立体交叉直行和右转弯行驶,立体交叉直行和左转弯行驶,2,交通信号,10.5%
458,2,这个标志是何含义？,img-210,右侧通行,左侧通行,向右行驶,环岛行驶,3,交通信号,13.5%
459,2,这个标志是何含义？,img-211,左转让行,直行单行路,向右单行路,向左单行路,3,交通信号,11%
460,2,这个标志是何含义？,img-212,向左单行路,向右单行路,直行单行路,右转让行,1,交通信号,13.5%
461,2,这个标志是何含义？,img-213,靠右侧行驶,不允许直行,直行单行路,直行车让行,2,交通信号,11%
462,2,这个标志是何含义？,img-214,低速行驶,注意行人,步行,行人先行,2,交通信号,8%
463,2,这个标志是何含义？,img-215,禁止鸣高音喇叭,禁止鸣低音喇叭,应当鸣喇叭,禁止鸣喇叭,2,交通信号,16%
464,2,这个标志是何含义？,img-216,人行横道,学生通道,注意行人,儿童通道,0,交通信号,16%
465,2,这个标志是何含义？,img-217,最低限速50公里/小时,高度限速50公里/小时,水平高度50米,海拔高度50米,0,交通信号,8%
466,2,这个标志是何含义？,img-218,两侧街道,干路先行,停车让行,单行路,1,交通信号,12%
467,2,这个标志是何含义？,img-219,停车让行,单行路,会车先行,对向先行,2,交通信号,9%
468,2,这个标志是何含义？,img-220,右转车道,掉头车道,左转车道,分向车道,0,交通信号,11.5%
469,2,这个标志是何含义？,img-221,右转车道,掉头车道,左转车道,分向车道,2,交通信号,12.5%
470,2,这个标志是何含义？,img-222,右转车道,掉头车道,左转车道,直行车道,3,交通信号,9%
471,2,这个标志是何含义？,img-223,直行和左转车道,直行和辅路出口车道,直行和右转合用车道,分向行驶车道,2,交通信号,9.5%
472,2,这个标志是何含义？,img-224,直行和掉头合用车道,直行和左转合用车道,直行和右转车道,分向行驶车道,1,交通信号,9.5%
473,2,这个标志是何含义？,img-225,掉头车道,绕行车道,分向车道,左转车道,0,交通信号,12%
474,2,这个标志是何含义？,img-226,分向行驶车道,掉头和左转合用车道,禁止左转和掉头车道,直行和左转合用车道,1,交通信号,13%
475,2,这个标志是何含义？,img-227,左转行驶车道,直线行驶车道,右转行驶车道,分向行驶车道,3,交通信号,15%
476,2,这个标志是何含义？,img-228,大型客车专用车道,公交线路专用车道,快速公交系统专用车道,多乘员车辆专用车道,1,交通信号,13.5%
477,2,这个标志是何含义？,img-229,不准小型车通行,只准小型车行驶,机动车行驶,禁止小型车行驶,2,交通信号,11.5%
478,2,这个标志是何含义？,img-230,小型车车道,小型车专用车道,多乘员车辆专用车道,机动车车道,3,交通信号,14.5%
479,2,这个标志是何含义？,img-231,电动自行车行驶,非机动车停车位,非机动车停放区,非机动车行驶,3,交通信号,10.5%
480,2,这个标志是何含义？,img-232,禁止自行车通行车道,非机动车车道,自行车专用车道,停放自行车路段,1,交通信号,9.5%
481,2,这个标志是何含义？,img-233,大型客车专用车道,多乘员车专用车道,公交车专用车道,BRT车辆专用车道,3,交通信号,11%
482,2,这个标志是何含义？,img-234,小型汽车专用车道,机动车专用车道,出租汽车专用车道,多乘员车辆专用车道,3,交通信号,11.5%
483,2,这个标志是何含义？,img-235,掉头,倒车,左转,绕行,0,交通信号,12.5%
484,2,这属于哪一类标志？,img-236,指路标志,指示标志,禁令标志,警告标志,0,交通信号,12%
485,0,指路标志的作用是什么？,noimg,限制车辆通行,提示限速信息,提供方向信息,警告前方危险,2,交通信号,14%
486,2,这个标志是何含义？,img-237,车道方向预告,交叉路口预告,分道信息预告,分岔处预告,1,交通信号,12.5%
487,2,这个标志是何含义？,img-238,分道信息预告,道路分岔处预告,地点和距离预告,十字交叉路口预告,3,交通信号,13.5%
488,2,这个标志是何含义？,img-239,丁字交叉路口预告,道路分叉处预告,Y型交叉路口预告,十字交叉路口预告,0,交通信号,10.5%
489,2,这个标志是何含义？,img-240,环行交叉路口预告,十字交叉路口预告,Y型交叉路口预告,丁字交叉路口预告,2,交通信号,11%
490,2,这个标志是何含义？,img-241,十字交叉路口预告,互通立体交叉预告,Y型交叉路口预告,环行交叉路口预告,3,交通信号,14%
491,2,这个标志是何含义？,img-242,十字交叉路口预告,互通式立体交叉预告,Y型交叉路口预告,环行交叉路口预告,1,交通信号,11%
492,2,这个标志是何含义？,img-243,乡道编号,县道编号,省道编号,国道编号,3,交通信号,13%
493,2,这个标志是何含义？,img-244,省道编号,国道编号,县道编号,乡道编号,0,交通信号,16%
494,2,这个标志是何含义？,img-245,省道编号,国道编号,县道编号,乡道编号,2,交通信号,8.5%
495,2,这个标志是何含义？,img-246,省道编号,县道编号,乡道编号,国道编号,2,交通信号,14.5%
496,2,这个标志是何含义？,img-247,地点距离,行驶路线,终点地名,行驶方向,0,交通信号,12.5%
497,2,这个标志是何含义？,img-248,内部停车场,专用停车场,露天停车场,室内停车场,2,交通信号,10%
498,2,这个标志是何含义？,img-249,专用停车场,露天停车场,室内停车场,内部停车场,2,交通信号,11.5%
499,2,这个标志是何含义？,img-250,露天停车场,紧急停车带,停车位,错车道,3,交通信号,9%
500,2,这个标志是何含义？,img-251,观景台,停车场,休息区,停车位,0,交通信号,14%
501,2,这个标志是何含义？,img-252,应急避难场所,生活服务区,行人专用通道,横过道路设施,0,交通信号,20%
502,2,这个标志是何含义？,img-253,休息区,服务区,停车场,观景台,0,交通信号,8%
503,2,这个标志是何含义？,img-254,禁止左转,此路不通,禁止通行,超高绕行,3,交通信号,13%
504,2,这个标志是何含义？,img-255,T型路口,分流路口,减速通行,此路不通,3,交通信号,11%
505,2,这个标志是何含义？,img-256,车道数变少,合流处,应急车道,向左变道,0,交通信号,11.5%
506,2,这个标志是何含义？,img-257,向右变道,分流处,路面变宽,车道数增加,3,交通信号,11%
507,2,这个标志是何含义？,img-258,道路流量监测,减速拍照区,全路段抓拍,交通监控设备,3,交通信号,15%
508,2,这个标志是何含义？,img-259,隧道出口距离,隧道入口距离,隧道跟车距离,隧道总长度,0,交通信号,15%
509,2,这个标志是何含义？,img-260,线形诱导标志,合流诱导标志,分流诱导标志,转弯诱导标志,0,交通信号,11.5%
510,2,这个标志是何含义？,img-261,两侧通行,不准通行,左侧通行,右侧通行,0,交通信号,9.5%
511,2,这个标志是何含义？,img-262,两侧通行,右侧通行,左侧通行,不准通行,1,交通信号,11.5%
512,2,这个标志是何含义？,img-263,两侧通行,右侧通行,左侧通行,不准通行,2,交通信号,15.5%
513,2,这个标志是何含义？,img-264,高速公路入口预告,高速公路终点预告,高速公路起点预告,高速公路出口预告,0,交通信号,11.5%
514,2,这个标志是何含义？,img-265,高速公路右侧出口预告,高速公路下一出口预告,高速公路地点、方向预告,高速公路左侧出口预告,2,交通信号,12.5%
515,2,这个标志是何含义？,img-266,高速公路终点地名预告,高速公路行驶路线预告,高速公路行驶方向预告,高速公路地点距离预告,3,交通信号,16%
516,2,这个标志是何含义？,img-267,高速公路里程编号,高速公路界牌编号,高速公路命名编号,高速公路路段编号,2,交通信号,12.5%
517,2,这个标志是何含义？,img-268,高速公路左侧出口预告,高速公路目的地预告,高速公路右侧出口预告,高速公路下一出口预告,3,交通信号,15%
518,2,这个标志是何含义？,img-269,高速公路右侧出口预告,高速公路目的地预告,高速公路左侧出口预告,高速公路下一出口预告,0,交通信号,8.5%
519,2,这个标志是何含义？,img-270,高速公路下一出口预告,高速公路右侧出口预告,高速公路左侧出口预告,高速公路目的地预告,2,交通信号,11%
520,2,这个标志是何含义？,img-271,高速公路出口,高速公路起点,高速公路入口,高速公路终点,1,交通信号,11.5%
521,2,这个标志是何含义？,img-272,高速公路出口预告,高速公路入口预告,高速公路终点预告,高速公路起点预告,2,交通信号,16%
522,2,这个标志是何含义？,img-273,高速公路救援电话号码,高速公路服务电话号码,高速公路报警电话号码,高速公路交通广播频率,3,交通信号,10.5%
523,2,这个标志是何含义？,img-274,停车领卡,停车缴费,ETC通道,停车检查,0,交通信号,11.5%
524,2,这个标志是何含义？,img-275,高速公路收费处,高速公路检查站,设有ETC的收费站,高速公路领卡处,2,交通信号,12%
525,2,这个标志是何含义？,img-276,高速公路缴费车道,高速公路检查车道,高速公路领卡车道,高速公路ETC车道,3,交通信号,16%
526,2,这个标志是何含义？,img-277,高速公路特殊天气建议速度,高速公路特殊天气最低速度,高速公路特殊天气平均速度,高速公路特殊天气最高速度,0,交通信号,14%
527,2,这个标志是何含义？,img-278,高速公路公用电话,高速公路报警电话,高速公路紧急电话,高速公路救援电话,2,交通信号,12.5%
528,2,这个标志是何含义？,img-279,高速公路报警电话,高速公路公用电话,高速公路紧急电话,高速公路救援电话,3,交通信号,14.5%
529,2,这个标志是何含义？,img-280,高速公路紧急停车带,高速公路避让处所,高速公路客车站,高速公路停车区,0,交通信号,13%
530,2,这个标志是何含义？,img-281,高速公路客车站,高速公路休息区,高速公路加油站,高速公路服务区,2,交通信号,14.5%
531,2,这个标志是何含义？,img-282,高速公路客车站预告,高速公路避险处预告,高速公路服务区预告,高速公路收费站预告,2,交通信号,8.5%
532,2,这个标志是何含义？,img-283,高速公路停车区预告,高速公路避险处预告,高速公路停车场预告,高速公路服务区预告,0,交通信号,16%
533,2,这个标志预告什么？,img-284,高速公路服务区预告,高速公路避险处预告,高速公路客车站预告,高速公路停车场预告,3,交通信号,7.5%
534,2,这属于哪一类标志？,img-285,作业区标志,告示标志,高速公路标志,旅游区标志,3,交通信号,14%
535,2,这个标志是何含义？,img-286,旅游区距离,旅游区方向,旅游区符号,旅游区类别,0,交通信号,13%
536,2,这个标志是何含义？,img-287,旅游区距离,旅游区类别,旅游区方向,旅游区符号,2,交通信号,11%
537,2,路中心黄色虚线属于哪一类标线？,img-288,指示标线,禁止标线,警告标志,辅助标线,0,交通信号,11.5%
538,0,指示标线的作用是什么？,noimg,禁止通行,指示通行,限制通行,警告提醒,1,交通信号,8.5%
539,2,路中白色虚线是什么标线？,img-289,禁止跨越对向车道中心线,限制跨越对向车道中心线,单向行驶车道分界中心线,可跨越同向车道中心线,3,交通信号,12%
540,2,路中黄色分界线的作用是什么？,img-290,允许在左侧车道行驶,分隔对向行驶的交通流,分隔同向行驶的交通流,禁止跨越对向行车道,1,交通信号,15.5%
541,2,路中两条双黄色虚线是什么标线？,img-291,双向分道线,潮汐车道线,可跨越分道线,单向分道线,1,交通信号,10%
542,2,路两侧的车行道边缘白色实线是什么含义？,img-292,车辆可临时跨越,禁止车辆跨越,机动车可临时跨越,非机动车可临时跨越,1,交通信号,15%
543,2,路右侧车行道边缘白色虚线是什么含义？,img-293,车辆可临时越线行驶,车辆禁止越线行驶,应急车道分界线,人行横道分界线,0,交通信号,12%
544,2,图中圈内两条白色虚线是什么标线？,img-294,交叉路停车线,左弯待转区线,掉头引导线,小型车转弯线,1,交通信号,14.5%
545,2,图中圈内白色虚线是什么标线？,img-295,小型车转弯线,车道连接线,非机动车引导线,路口导向线,3,交通信号,14%
546,2,图中圈内黄色虚线是什么标线？,img-296,非机动车引导线,路口导向线,车道连接线,小型车转弯线,1,交通信号,10%
547,2,图中圈内白色实线是什么标线？,img-297,导向车道线,可变导向车道线,方向引导线,单向行驶线,0,交通信号,11%
548,2,图中圈内的锯齿状白色实线是什么标线？,img-298,导向车道线,方向引导线,可变导向车道线,单向行驶线,2,交通信号,10%
549,2,图中圈内的路面标记是什么标线？,img-299,人行横道线,减速让行线,停车让行线,路口示意线,0,交通信号,11%
550,2,这个地面标记是什么标线？,img-300,人行横道预告,交叉路口预告,减速让行预告,停车让行预告,0,交通信号,11%
551,2,图中圈内的白色折线是什么标线？,img-301,车距确认线,减速行驶线,车速确认线,路口减速线,0,交通信号,13.5%
552,2,图中圈内的白色半圆状标记是什么标线？,img-302,减速行驶线,车速确认线,路口减速线,车距确认线,3,交通信号,15%
553,2,路面由白色虚线和三角地带标线组成的是什么标线？,img-303,道路入口标线,可跨越式分道线,道路出口减速线,道路出口标线,3,交通信号,11.5%
554,2,路面上白色虚线和三角地带标线组成的是什么标线？,img-304,道路入口标线,可跨越式分道线,道路入口减速线,道路出口标线,0,交通信号,13.5%
555,2,这种白色矩形标线框含义是什么？,img-305,出租车专用上下客停车位,平行式停车位,倾斜式停车位,垂直式停车位,1,交通信号,14.5%
556,2,这种停车标线含义是什么？,img-306,专用待客停车位,专用上下客停车位,机动车限时停车位,固定停车方向停车位,3,交通信号,13%
557,2,这种白色矩形标线框含义是什么？,img-307,长时停车位,限时停车位,免费停车位,专用停车位,1,交通信号,16.5%
558,2,红色圆圈内标线含义是什么？,img-308,临时停靠站,港湾式停靠站,应急停车带,公交车停靠站,1,交通信号,11%
559,2,红色圆圈内标线含义是什么？,img-309,临时停靠站,大客车停靠站,公交车停靠站,应急停车带,2,交通信号,8%
560,2,这个导向箭头是何含义？,img-310,指示禁行,指示车道,指示合流,指示直行,3,交通信号,12%
561,2,这个导向箭头是何含义？,img-311,指示直行或掉头,指示直行或左转弯,指示直行或向左变道,指示向左转弯或掉头,1,交通信号,10%
562,2,这个导向箭头是何含义？,img-312,指示直行或右转弯,指示向右转弯或掉头,指示直行或向右变道,指示直行或掉头,0,交通信号,14%
563,2,这个导向箭头是何含义？,img-313,指示向左变道,指示前方直行,指示前方左转弯,指示前方右转弯,2,交通信号,12%
564,2,这个导向箭头是何含义？,img-314,指示向左变道,指示前方直行,指示前方掉头,指示前方右转弯,3,交通信号,14%
565,2,这个导向箭头是何含义？,img-315,指示向左变道,指示前方直行,指示前方掉头,指示前方右转,2,交通信号,10.5%
566,2,这个导向箭头是何含义？,img-316,指示前方可左转或掉头,指示前方可直行或左转,指示前方直行向左变道,指示前方可直行或掉头,3,交通信号,14%
567,2,这个导向箭头是何含义？,img-317,指示前方可直行或掉头,指示前方可左转或掉头,指示前方可直行或向左变道,指示前方可直行或左转,1,交通信号,12%
568,2,这个导向箭头是何含义？,img-318,提示前方有左弯或需向左合流,提示前方有右弯或需向右合流,提示前方右侧有障碍需向左合流,提示前方有左弯或或许向左绕行,0,交通信号,11%
569,2,路面上导向箭头是何含义？,img-319,提示前方有左弯或需向左绕行,提示前方有障碍需向左合流,提示前方有右弯或需向右合流,提示前方有左弯或需向左合流,2,交通信号,13%
570,2,路面上导向箭头是何含义？,img-320,指示前方道路是Y型交叉口,指示前方道路是分离式道路,指示前方道路仅可左右转弯,指示前方道路需向左右合流,2,交通信号,10%
571,2,这个路面数字标记是何含义？,img-321,保持车距标记,最小间距标记,速度限制标记,道路编号标记,2,交通信号,14%
572,2,这个路面标记是何含义？,img-322,平均速度为100公里/小时,最低限速为100公里/小时,解除100公里/小时限速,最高限速为100公里/小时,3,交通信号,10%
573,2,这个路面标记是何含义？,img-323,最低限速为80公里/小时,平均速度为80公里/小时,最高限速为80公里/小时,解除80公里/小时限速,0,交通信号,13%
574,2,这个路面标记是何含义？,img-324,非机动车道,摩托车专用道,电瓶车专用道,自行车专用道,0,交通信号,10%
575,2,路中心的双黄实线属于哪一类标线？,img-325,辅助标线,警告标志,禁止标线,指示标线,2,交通信号,13.5%
576,2,路中心双黄实线是何含义？,img-326,禁止跨越对向车行道分界线,可跨越对向车道分界线,双侧可跨越同向车道分界线,单向行驶车道分界线,0,交通信号,10%
577,2,路中心黄色虚实线是何含义？,img-327,虚线一侧禁止越线,实线一侧禁止越线,实线一侧允许越线,两侧均可越线行驶,1,交通信号,13.5%
578,2,路中心的黄色斜线填充是何含义？,img-328,单向行驶车道分界线,禁止跨越对向车行道分界线,双侧可跨越同向车道分界线,可跨越对向车道分界线,1,交通信号,9.5%
579,2,路中心白色实线是何含义？,img-329,单侧可跨越同向车道分界线,禁止跨越同向车行道分界线,双侧可跨越同向车道分界线,禁止跨越对向车行道分界线,1,交通信号,13.5%
580,2,路缘石上的黄色虚线是何含义？,img-330,禁止临时停车,禁止上下人员,禁止装卸货物,禁止长时停车,3,交通信号,11%
581,2,路缘石上的黄色实线是何含义？,img-331,仅允许上下人员,仅允许装卸货物,禁止长时间停车,禁止停放车辆,3,交通信号,14%
582,2,图中圈内白色横实线是何含义？,img-332,待转线,减速线,让行线,停止线,3,交通信号,11%
583,2,路口最前端的双白实线是什么含义？,img-333,停车让行线,减速让行线,左弯待转线,等候放行线,0,交通信号,9.5%
584,2,路口最前端的双白虚线是什么含义？,img-334,等候放行线,停车让行线,减速让行线,左弯待转线,2,交通信号,11%
585,2,图中圈内三角填充区域是什么标线？,img-335,停车线,减速线,导流线,网状线,2,交通信号,12.5%
586,2,这个路面标记是什么标线？,img-336,网状线,禁驶区,导流线,中心圈,3,交通信号,11.5%
587,2,这个路面标记是什么标线？,img-337,禁驶区,网状线,导流线,中心圈,3,交通信号,16.5%
588,2,图中路口中央黄色路面标记是什么标线？,img-338,中心圈,导流线,网状线,停车区,2,交通信号,11.5%
589,2,图中圈内两条黄色虚线间的区域是何含义？,img-339,营运客车专用车道,大客车专用车道,出租车专用车道,公交专用车道,3,交通信号,8.5%
590,2,道路最左侧白色虚线区域是何含义？,img-340,多乘员车辆专用车道,小型客车专用车道,未载客出租车专用车道,大型客车专用车道,0,交通信号,15%
591,2,路面上的黄色标记是何含义？,img-341,禁止直行,允许掉头,禁止掉头,禁止转弯,2,交通信号,11.5%
592,2,路面上的黄色标记是何含义？,img-342,禁止掉头,禁止左转,禁止右转,禁止直行,2,交通信号,16.5%
593,2,路面上的白色标线是何含义？,img-343,道路施工提示标线,车行道横向减速标线,车行道纵向减速标线,车道变少提示标线,1,交通信号,12%
594,2,路面上的黄色标线是何含义？,img-344,路面宽度渐变标线,车行道变多标线,接近障碍物标线,施工路段提示线,0,交通信号,13%
595,2,路面上的黄色填充标线是何含义？,img-345,接近障碍物标线,接近狭窄路面标线,接近移动障碍物标线,null,0,交通信号,12%
596,2,这种黄黑相间的倾斜线条是什么标记？,img-346,实体标记,突起标记,立面标记,减速标记,2,交通信号,8%
597,2,路面上的菱形块虚线是何含义？,img-347,道路施工提示标线,车行道纵向减速标线,车行道横向减速标线,车道变少提示标线,1,交通信号,11%
598,2,这一组交通警察手势是什么信号？,img-348,右转弯信号,靠边停车信号,左转弯信号,停止信号,3,交通信号,5.5%
599,2,这一组交通警察手势是什么信号？,img-349,直行信号,转弯信号,停止信号,靠边停车信号,0,交通信号,8.5%
600,2,这一组交通警察手势是什么信号？,img-350,左转弯待转信号,靠边停车信号,左转弯信号,右转弯信号,2,交通信号,13.5%
601,2,这一组交通警察手势是什么信号？,img-351,左转弯待转信号,靠边停车信号,减速慢行信号,左转弯信号,3,交通信号,9%
602,2,这一组交通警察手势是什么信号？,img-352,左转弯信号,左转弯待转信号,减速慢行信号,右转弯信号,1,交通信号,9.5%
603,2,这一组交通警察手势是什么信号？,img-353,减速慢行信号,靠边停车信号,停止信号,右转弯信号,3,交通信号,14.5%
604,2,这一组交通警察手势是什么信号？,img-354,左转弯待转信号,靠边停车信号,右转弯信号,减速慢行信号,2,交通信号,11.5%
605,2,这一组交通警察手势是什么信号？,img-355,右转弯信号,减速慢行信号,靠边停车信号,变道信号,3,交通信号,7.5%
606,2,这一组交通警察手势是什么信号？,img-356,右转弯信号,变道信号,减速慢行信号,靠边停车信号,2,交通信号,15%
607,0,雨天对安全行车的主要影响是什么？,noimg,路面湿滑，视线受阻,发动机易熄火,行驶阻力增大,电器设备易受潮短路,0,安全行车、文明驾驶基础知识,4%
608,0,下雨后路面湿滑，车辆行驶中紧急制动时，容易导致什么？,noimg,发生侧滑、引发交通事故,因视线模糊而撞车,不被其他车辆驾驶人发现,引起发动机熄火,0,安全行车、文明驾驶基础知识,8.5%
609,0,雾天对安全行车的主要影响是什么？,noimg,发动机易熄火,易发生侧滑,能见度低，视线不清,行驶阻力增大,2,安全行车、文明驾驶基础知识,8%
610,0,行人参与道路交通的主要特点是什么？,noimg,喜欢聚集、围观,稳定性差,行走随意性大，方向多变,行动迟缓,2,安全行车、文明驾驶基础知识,7.5%
611,0,夜间道路环境对安全行车的主要影响是什么？,noimg,驾驶人体力下降,驾驶人易产生冲动、幻觉,能见度低、不利于观察道路交通情况,路面复杂多变,2,安全行车、文明驾驶基础知识,7%
612,0,夜间驾驶人对物体的观察明显比白天差，视距会有什么变化？,noimg,不变,无规律,变长,变短,3,安全行车、文明驾驶基础知识,5%
613,0,冰雪道路对安全行车的主要影响是什么？,noimg,电器设备易受潮短路,能见度降低，视野模糊,行驶阻力增大,制动性能差，方向易跑偏,3,安全行车、文明驾驶基础知识,4.5%
614,0,冰雪路行车时应注意什么？,noimg,制动距离延长,抗滑能力变大,制动性能没有变化,路面附着力增大,0,安全行车、文明驾驶基础知识,5.5%
615,0,泥泞道路对安全行车的主要影响是什么？,noimg,行驶阻力变小,车轮极易滑转和侧滑,能见度低，视野模糊,路面附着力增大,1,安全行车、文明驾驶基础知识,4.5%
616,0,水淹路面影响行车安全，不易通行的原因是什么？,noimg,路面附着力增大,无法观察到暗坑和凸起的路面,能见度低，视野模糊,日光反射阻挡视线,1,安全行车、文明驾驶基础知识,6%
617,0,山区道路对安全行车的主要影响是什么？,noimg,交通情况单一,坡长弯急，视距不足,车流密度大,道路标志少,1,安全行车、文明驾驶基础知识,3.5%
618,0,行车中突遇对方车辆强行超车，占据自己车道，正确的做法是什么？,noimg,挡住其去路,保持原车速行驶,尽可能减速避让、直至停车,加速行驶,2,安全行车、文明驾驶基础知识,7%
619,1,夜间行车，驾驶人视距变短，影响观察，同时注意力高度集中，易产生疲劳。,noimg,正确,错误,null,null,0,安全行车、文明驾驶基础知识,13.5%
620,1,冰雪道路行车，由于积雪对光线的反射，极易造成驾驶人目眩而产生错觉。,noimg,正确,错误,null,null,0,安全行车、文明驾驶基础知识,16%
621,1,在冰雪道路上行车时，车辆的稳定性降低，加速过急时车轮极易空转或溜滑。,noimg,正确,错误,null,null,0,安全行车、文明驾驶基础知识,13.5%
622,1,"在泥泞路上制动时，车轮易发生侧滑或甩尾，导致交通事故。",noimg,正确,错误,null,null,0,安全行车、文明驾驶基础知识,20.5%
623,1,漫水道路行车时，应挂高速档，快速通过。,noimg,正确,错误,null,null,1,安全行车、文明驾驶基础知识,16%
624,1,行车中突遇对向车辆强行超车，占据自己车道时，可不予避让，迫使对方让路。,noimg,正确,错误,null,null,1,安全行车、文明驾驶基础知识,16.5%
625,0,行车中遇有前方发生交通事故，需要帮助时，应怎样做？,noimg,尽量绕道躲避,立即报警，停车观望,协助保护现场，并立即报警,加速通过，不予理睬,2,安全行车、文明驾驶基础知识,6%
626,0,行车中遇交通事故受伤者需要抢救时，应怎样做？,noimg,及时将伤者送医院抢救或拨打急救电话,尽量避开，少惹麻烦,绕过现场行驶,借故避开现场,0,安全行车、文明驾驶基础知识,3.5%
627,0,行车中遇到对向来车占道行驶，应怎样做？,noimg,逼对方靠右行驶,用大灯警示对方,主动给对方让行,紧靠道路中心行驶,2,安全行车、文明驾驶基础知识,4%
628,0,行车中发现前方道路拥堵时，应怎样做？,noimg,寻找机会超越前车,从车辆空间穿插通过,减速停车，依次排队等候,鸣喇叭催促,2,安全行车、文明驾驶基础知识,3.5%
629,0,会车中遇到对方来车行进有困难需借道时，应怎样做？,noimg,靠右侧加速行驶,尽量礼让对方先行,不侵占对方道路，正常行驶,示意对方停车让行,1,安全行车、文明驾驶基础知识,6.5%
630,0,行车中遇到后方车辆要求超车时，应怎样做？,noimg,保持原有车速行驶,及时减速、观察后靠右行驶让行,靠右侧加速行驶,不让行,1,安全行车、文明驾驶基础知识,5%
631,0,驾驶人在超车时，前方车辆不减速、不让道，应怎样做？,noimg,紧跟其后，伺机再超,停止继续超车,加速继续超越,连续鸣喇叭加速超越,1,安全行车、文明驾驶基础知识,2%
632,0,驾驶人在行车中经过积水路面时，应怎样做？,noimg,保持正常车速通过,低档加速通过,特别注意减速慢行,迅速加速通过,2,安全行车、文明驾驶基础知识,7.5%
633,0,发现前方道路堵塞，正确的做法是什么？,noimg,按顺序停车等候,鸣喇叭示意前方车辆快速行驶,选择空当逐车超越,继续穿插绕行,0,安全行车、文明驾驶基础知识,7.5%
634,0,车辆在拥挤路段低速行驶时，遇其他车辆强行插队，应怎样做？,noimg,鸣喇叭警告，不得进入,加速行驶，紧跟前车，不让其进入,挤靠“加塞”车辆，逼其离开,主动礼让，确保行车安全,3,安全行车、文明驾驶基础知识,5%
635,0,当驾驶车辆行经两侧有行人且有积水的路面时，应怎样做？,noimg,加速通过,正常行驶,连续鸣喇叭,减速慢行,3,安全行车、文明驾驶基础知识,5.5%
636,0,当驾驶车辆行经两侧有非机动车行驶且有积水的路面时，应怎样做？,noimg,减速慢行,正常行驶,加速通过,连续鸣喇叭,0,安全行车、文明驾驶基础知识,9%
637,1,一个合格的驾驶人，不仅表现在技术的娴熟上，更重要的是应该具有良好的驾驶行为习惯和道德修养。,noimg,正确,错误,null,null,0,安全行车、文明驾驶基础知识,11%
638,1,驾驶车辆在道路上行驶时，应当按照规定的速度安全行驶。,noimg,正确,错误,null,null,0,安全行车、文明驾驶基础知识,14%
639,1,驾驶人一边驾车，一边打手持电话是违法行为。,noimg,正确,错误,null,null,0,安全行车、文明驾驶基础知识,11.5%
640,1,在道路上超车时，应尽量加大横向距离，必要时可越实线超车。,noimg,正确,错误,null,null,1,安全行车、文明驾驶基础知识,14.5%
641,1,在道路上跟车行驶时，跟车距离不是主要的，只须保持与前车相等的速度，即可防止发生追尾事故。,noimg,正确,错误,null,null,1,安全行车、文明驾驶基础知识,13%
642,1,谨慎驾驶的三原则是集中注意力、仔细观察和提前预防。,noimg,正确,错误,null,null,0,安全行车、文明驾驶基础知识,17%
643,1,遇到路口情况复杂时，应做到“宁停三分，不抢一秒”。,noimg,正确,错误,null,null,0,安全行车、文明驾驶基础知识,11.5%
644,1,行车中要文明驾驶，礼让行车，做到不开英雄车、冒险车、赌气车和带病车。,noimg,正确,错误,null,null,0,安全行车、文明驾驶基础知识,15.5%
645,1,驾驶人在观察后方无来车的情况下，未开转向灯就变更车道也是合理的。,noimg,正确,错误,null,null,1,安全行车、文明驾驶基础知识,13%
646,1,女驾驶人穿高跟鞋驾驶车辆，不利于安全行车。,noimg,正确,错误,null,null,0,安全行车、文明驾驶基础知识,12%
647,1,驾驶车辆时，长时间左臂搭在车门窗上，或者长时间右手抓住变速器操纵杆，是一种驾驶陋习。,noimg,正确,错误,null,null,0,安全行车、文明驾驶基础知识,13.5%
648,1,驾驶人一边驾车，一边吸烟对安全行车无影响。,noimg,正确,错误,null,null,1,安全行车、文明驾驶基础知识,12.5%
649,1,在狭窄的路段会车时，应做到礼让三先：先慢、先让、先停。,noimg,正确,错误,null,null,0,安全行车、文明驾驶基础知识,16.5%
650,0,行车中需要借道绕过前方障碍物，但对向来车已接近障碍物时，应怎样做？,noimg,加速提前抢过,鸣喇叭示意对向车辆让道,迅速占用车道，迫使对向来车停车让道,降低速度或停车，让对向来车优先通行,3,安全行车、文明驾驶基础知识,7.5%
651,0,驾驶车辆在交叉路口前变更车道时，应怎样驶入要变更的车道？,noimg,在路口前实线区内根据需要,进入路口实线区内,在路口停止线前,在虚线区按导向箭头指示,3,安全行车、文明驾驶基础知识,8.5%
652,0,车辆驶近人行横道时，应怎样做？,noimg,加速通过,立即停车,先减速注意观察行人、非机动车动态，确认安全后再通过,鸣喇叭示意行人让道,2,安全行车、文明驾驶基础知识,7%
653,0,车辆临时靠边停车后准备起步时，应先怎样做？,noimg,加油起步,鸣喇叭,提高发动机转速,观察周围交通情况,3,安全行车、文明驾驶基础知识,5.5%
654,0,行驶车道绿灯亮时，但车辆前方人行横道仍有行人行走，应怎样做？,noimg,直接起步通过,起步后从行人后方绕过,等行人通过后再起步,起步后从行人前方绕过,2,安全行车、文明驾驶基础知识,9%
655,0,在一般道路倒车时，若发现有过往车辆通过，应怎样做？,noimg,鸣喇叭示意,主动停车避让,加速倒车,继续倒车,1,安全行车、文明驾驶基础知识,5%
656,0,会车前选择的交会位置不理想时，应怎样做？,noimg,减速、低速会车或停车让行,向左占道，让对方减速让行,打开前照灯，示意对方停车让行,加速选择理想位置,0,安全行车、文明驾驶基础知识,4.5%
657,0,进入左侧道路超车，无法保证与正常行驶前车的横向安全间距时，应怎样做？,noimg,谨慎超越,放弃超车,并行一段距离后再超越,加速超越,1,安全行车、文明驾驶基础知识,7%
658,0,驾驶的车辆正在被其他车辆超越时，应怎样做？,noimg,靠道路中心行驶,加速让路,继续加速行驶,减速，靠右侧行驶,3,安全行车、文明驾驶基础知识,4%
659,0,遇后车发出超车信号后，只要具备让超条件应怎样做？,noimg,靠道路右侧加速行驶,主动减速并靠右侧行驶,让出适当空间加速行驶,迅速减速或紧急制动,1,安全行车、文明驾驶基础知识,6.5%
660,0,驾驶车辆行至道路急转弯处，应怎样做？,noimg,急剧制动低速通过,靠弯道外侧行驶,充分减速并靠右侧行驶,借对向车道行驶,2,安全行车、文明驾驶基础知识,5%
661,0,山区道路车辆进入弯道前，在对面没有来车的情况下，应怎样做？,noimg,可靠弯道外侧行驶,可短时间借用对方的车道,可加速沿弯道切线方向通过,应“减速、鸣喇叭、靠右行”,3,安全行车、文明驾驶基础知识,7%
662,0,在堵车的交叉路口绿灯亮时，车辆应怎样做？,noimg,可直接驶入交叉路口,不能驶入交叉路口,可借对向车道通过路口,在保证安全的情况下驶入交叉路口,1,安全行车、文明驾驶基础知识,5.5%
663,0,驾驶车辆通过无人看守的铁路道口时，应怎样做？,noimg,减速通过,匀速通过,一停、二看、三通过,加速通过,2,安全行车、文明驾驶基础知识,8.5%
664,0,驾驶车辆驶入铁路道口前减速降挡，进入道口后应怎样做？,noimg,不能变换挡位,可以变换挡位,可换为高挡,停车观察,0,安全行车、文明驾驶基础知识,9%
665,0,行车中超越右侧停放的车辆时，为预防其突然起步或开启车门，应怎样做？,noimg,加速通过,长鸣喇叭,保持正常速度行驶,预留出横向安全距离，减速行驶,3,安全行车、文明驾驶基础知识,6%
666,0,驶近没有人行横道的交叉路口时，发现有人横穿道路，应怎样做？,noimg,减速或停车让行,鸣喇叭示意其让道,立即变道绕过行人,抢在行人之前通过,0,安全行车、文明驾驶基础知识,6.5%
667,0,行车中遇有非机动车准备绕过停放的车辆时，应怎样做？,noimg,鸣喇叭示意其让道,让其先行,紧随其后鸣喇叭,加速绕过,1,安全行车、文明驾驶基础知识,7.5%
668,0,行车中，遇非机动车抢行时，应怎样做？,noimg,加速通过,鸣喇叭警告,减速让行,临近时突然加速,2,安全行车、文明驾驶基础知识,11.5%
669,0,行车中遇抢救伤员的救护车从本车道逆向驶来时，应怎样做？,noimg,靠边减速或停车让行,占用其他车道行驶,加速变更车道避让,在原车道内继续行驶,0,安全行车、文明驾驶基础知识,6.5%
670,0,行车中遇儿童时，应怎样做？,noimg,减速慢行，必要时停车避让,长鸣喇叭催促,迅速从一侧通过,加速绕行,0,安全行车、文明驾驶基础知识,4%
671,0,行车中遇列队横过道路的学生时，应怎样做？,noimg,提前加速抢行,停车让行,降低车速、缓慢通过,连续鸣喇叭催促,1,安全行车、文明驾驶基础知识,4.5%
672,0,车辆通过凹凸路面时，应怎样做？,noimg,依靠惯性加速冲过,挂空挡滑行驶过,保持原速通过,低速缓慢平稳通过,3,安全行车、文明驾驶基础知识,5.5%
673,0,行车中超越同向行驶的自行车时，应怎样做？,noimg,连续鸣喇叭提醒其让路,持续鸣喇叭并加速超越,让自行车先行,注意观察动态，减速慢行，留有足够的安全距离,3,安全行车、文明驾驶基础知识,5.5%
674,0,夜间驾驶车辆遇自行车对向驶来时，应怎样做？,noimg,连续变换远、近光灯,不断鸣喇叭,使用近光灯，减速或停车避让,使用远光灯,2,安全行车、文明驾驶基础知识,6.5%
675,0,车辆在主干道上行驶，驶近主支干道交汇处时，为防止与从支路突然驶入的车辆相撞，应怎样做？,noimg,保持正常速度行驶,提前减速、观察，谨慎驾驶,鸣喇叭，迅速通过,提前加速通过,1,安全行车、文明驾驶基础知识,6.5%
676,0,车辆在交叉路口有优先通行权的，遇有车辆抢行时，应怎样做？,noimg,抢行通过,提前加速通过,减速避让，必要时停车让行,按优先权规定正常行驶不予避让,2,安全行车、文明驾驶基础知识,2%
677,0,机动车在道路边临时停车时，应怎样做？,noimg,不得逆向或并列停放,只要出去方便，可随意停放,可逆向停放,可并列停放,0,安全行车、文明驾驶基础知识,5.5%
678,0,车辆在雨天临时停车时，应开启什么灯？,noimg,前后雾灯,危险报警闪光灯,前大灯,倒车灯,1,安全行车、文明驾驶基础知识,5%
679,0,车辆在雪天临时停车时，应开启什么灯？,noimg,前后雾灯,倒车灯,前大灯,危险报警闪光灯,3,安全行车、文明驾驶基础知识,8%
680,0,驾驶人行车中看到注意儿童标志的时候，应怎样做？,noimg,加速行驶,绕道行驶,保持正常车速行驶,谨慎选择行车速度,3,安全行车、文明驾驶基础知识,3%
681,0,车辆驶近停在车站的公交车辆时，为预防公交车突然起步或行人从车前穿出，应怎样做？,noimg,减速，保持足够间距，随时准备停车,保持正常车速行驶,鸣喇叭提醒，加速通过,随时准备紧急制动,0,安全行车、文明驾驶基础知识,6.5%
682,0,雨天行车，遇撑雨伞和穿雨衣的行人在公路上行走时，应怎样做？,noimg,持续鸣喇叭示意其让道,加速绕行,提前鸣喇叭，并适当降低车速,以正常速度行驶,2,安全行车、文明驾驶基础知识,5%
683,0,车辆行至交叉路口，遇有转弯的车辆抢行，应怎样做？,noimg,提高车速抢先通过,鸣喇叭抢先通过,停车避让,保持正常车速行驶,2,安全行车、文明驾驶基础知识,7%
684,1,驾驶车辆变更车道时，应提前开启转向灯，注意观察，保持安全距离，驶入要变更的车道。,noimg,正确,错误,null,null,0,安全行车、文明驾驶基础知识,18%
685,1,驾驶车辆向右变更车道时，应提前开启右转向灯，注意观察，在确保安全的情况下，驶入要变更的车道。,noimg,正确,错误,null,null,0,安全行车、文明驾驶基础知识,9%
686,1,变更车道时只需开启转向灯，便可迅速转向驶入相应的行车道。,noimg,正确,错误,null,null,1,安全行车、文明驾驶基础知识,11%
687,1,驾驶车辆汇入车流时，应提前开启转向灯，保持直线行驶，通过后视镜观察左右情况，确认安全后汇入合流。,noimg,正确,错误,null,null,0,安全行车、文明驾驶基础知识,14%
688,1,变更车道时，应开启转向灯，迅速驶入侧方车道。,noimg,正确,错误,null,null,1,安全行车、文明驾驶基础知识,17%
689,1,行车中从其他道路汇入车流前，应注意观察侧后方车辆的动态。,noimg,正确,错误,null,null,0,安全行车、文明驾驶基础知识,14.5%
690,1,驾驶车辆通过人行横道线时，应注意礼让行人。,noimg,正确,错误,null,null,0,安全行车、文明驾驶基础知识,14%
691,1,车辆起步前，驾驶人应对车辆周围交通情况进行观察，确认安全时再开始起步。,noimg,正确,错误,null,null,0,安全行车、文明驾驶基础知识,13.5%
692,1,车辆在路边起步后应尽快提速，并向左迅速转向驶入正常行驶道路。,noimg,正确,错误,null,null,1,安全行车、文明驾驶基础知识,11%
693,1,倒车过程中要缓慢行驶，注意观察车辆两侧和后方的情况，随时做好停车准备。,noimg,正确,错误,null,null,0,安全行车、文明驾驶基础知识,17.5%
694,1,预计在超车过程中与对面来车有会车可能时，应提前加速超越。,noimg,正确,错误,null,null,1,安全行车、文明驾驶基础知识,17%
695,1,通过隧道时，不得超车。,noimg,正确,错误,null,null,0,安全行车、文明驾驶基础知识,16%
696,1,通过铁路道口时，不得超车。,noimg,正确,错误,null,null,0,安全行车、文明驾驶基础知识,15.5%
697,1,通过急转弯路段时，在车辆较少的情况下可以超车。,noimg,正确,错误,null,null,1,安全行车、文明驾驶基础知识,13.5%
698,1,通过窄路、窄桥时，不得超车。,noimg,正确,错误,null,null,0,安全行车、文明驾驶基础知识,13%
699,1,车辆转弯时应沿道路右侧行驶，不要侵占对方的车道，做到“左转转大弯，右转转小弯”。,noimg,正确,错误,null,null,0,安全行车、文明驾驶基础知识,14.5%
700,1,驾驶车辆进入交叉路口前，应降低行驶速度，注意观察，确认安全。,noimg,正确,错误,null,null,0,安全行车、文明驾驶基础知识,14%
701,1,车辆通过铁道路口时，应用低速挡安全通过，中途不得换挡，以避免发动机熄火。,noimg,正确,错误,null,null,0,安全行车、文明驾驶基础知识,16%
702,1,行车中，发现行人突然横过道路时，应迅速减速避让。,noimg,正确,错误,null,null,0,安全行车、文明驾驶基础知识,16.5%
704,1,车辆在交叉路口绿灯亮后，遇非机动车抢道行驶时，可以不让行。,noimg,正确,错误,null,null,1,安全行车、文明驾驶基础知识,14%
705,1,掉头过程中，应严格控制车速，仔细观察道路前后方情况，确认安全后方可前进或倒车。,noimg,正确,错误,null,null,0,安全行车、文明驾驶基础知识,13%
706,1,行车中遇残疾人影响通行时，应主动减速礼让。,noimg,正确,错误,null,null,0,安全行车、文明驾驶基础知识,15%
707,1,设有安全带装置的车辆，应要求车内乘员系安全带。,noimg,正确,错误,null,null,0,安全行车、文明驾驶基础知识,17.5%
708,1,行车中前方遇自行车影响通行时，可鸣喇叭提示，加速绕行。,noimg,正确,错误,null,null,1,安全行车、文明驾驶基础知识,16%
709,1,机动车在环形路口内行驶，遇有其他车辆强行驶入时，只要有优先权就可以不避让,noimg,正确,错误,null,null,1,安全行车、文明驾驶基础知识,15%
710,1,车辆行至交叉路口时，左转弯车辆在任何时段都可以进入左弯待转区。,noimg,正确,错误,null,null,1,安全行车、文明驾驶基础知识,13%
711,1,车辆行至急转弯处时，应减速并靠右侧行驶，防止与越过弯道中心线的对方车辆相撞。,noimg,正确,错误,null,null,0,安全行车、文明驾驶基础知识,14%
712,1,车辆长时间停放时，应选择停车场停车。,noimg,正确,错误,null,null,0,安全行车、文明驾驶基础知识,17%
713,1,车辆通过学校和小区应注意观察标志标线，低速行驶，不要鸣喇叭。,noimg,正确,错误,null,null,0,安全行车、文明驾驶基础知识,17%
714,0,驶入高速公路的收费口时，应选择怎样的入口？,noimg,车辆多,红灯亮,绿灯亮,暂停服务,2,安全行车、文明驾驶基础知识,6%
715,0,驾驶车辆进入高速公路加速车道后，应尽快将车速提高到每小时多少公里以上？,noimg,50,60,30,40,1,安全行车、文明驾驶基础知识,6.5%
716,0,高速公路上行车，如果因疏忽驶过出口，应怎样做？,noimg,立即停车,在原地掉头,在原地倒车驶回,继续向前行驶，寻找下一个出口,3,安全行车、文明驾驶基础知识,7.5%
717,0,车辆因故障必须在高速公路停车时，应在车后方至少多少米处设置故障警告标志，夜间还需开启示廓灯和后位灯？,noimg,150,200,100,50,0,安全行车、文明驾驶基础知识,10%
718,0,在标志、标线齐全的高速公路上行车，应当按照什么规定的车道和车速行驶？,noimg,标志或标线,《道路交通安全法》,车辆说明书,地方法规,0,安全行车、文明驾驶基础知识,8%
719,0,机动车在高速公路行驶，下列做法正确的是？,noimg,非紧急情况时不得在应急车道行驶或者停车,可在减速车道或加速车道上超车、停车,可在紧急停车带停车装卸货物,可在路肩停车上下人员,0,安全行车、文明驾驶基础知识,7.5%
720,0,在同向4车道高速公路上行车，车速高于每小时110公里的车辆应在哪条车道上行驶？,noimg,最左侧,第二条,最右侧,第三条,0,安全行车、文明驾驶基础知识,6.5%
721,1,车辆驶入匝道后，迅速将车速提高到每小时60公里以上。,noimg,正确,错误,null,null,1,安全行车、文明驾驶基础知识,13.5%
722,1,车辆在高速公路匝道上可以停车。,noimg,正确,错误,null,null,1,安全行车、文明驾驶基础知识,14.5%
723,1,车辆不得在高速公路匝道上掉头。,noimg,正确,错误,null,null,0,安全行车、文明驾驶基础知识,17.5%
724,1,车辆不得在高速公路匝道上倒车。,noimg,正确,错误,null,null,0,安全行车、文明驾驶基础知识,14.5%
725,1,车辆在高速公路匝道提速到每小时60公里以上时，可直接驶入行车道。,noimg,正确,错误,null,null,1,安全行车、文明驾驶基础知识,15%
726,1,车辆应靠高速公路右侧的路肩上行驶。,noimg,正确,错误,null,null,1,安全行车、文明驾驶基础知识,9.5%
727,1,车辆在高速公路以每小时100公里的速度行驶时，距同车道前车100米以上为安全距离。,noimg,正确,错误,null,null,0,安全行车、文明驾驶基础知识,19%
728,1,车辆在高速公路上行车，可以频繁地变更车道。,noimg,正确,错误,null,null,1,安全行车、文明驾驶基础知识,18.5%
729,1,车辆驶离高速公路时，应当经减速车道减速后进入匝道。,noimg,正确,错误,null,null,0,安全行车、文明驾驶基础知识,15%
730,1,在高速公路变更车道时，应提前开启转向灯，观察情况，确认安全后，驶入需要变更的车道。,noimg,正确,错误,null,null,0,安全行车、文明驾驶基础知识,13.5%
731,1,高速公路因发生事故造成堵塞时，可在右侧紧急停车带或路肩行驶。,noimg,正确,错误,null,null,1,安全行车、文明驾驶基础知识,18%
732,1,行驶在高速公路上遇大雾视线受阻时，应当立即紧急制动停车。,noimg,正确,错误,null,null,1,安全行车、文明驾驶基础知识,13%
733,1,机动车在高速公路上遇前方交通受阻时，应当跟随前车顺序排队，并立即开启危险报警闪光灯，防止追尾。,noimg,正确,错误,null,null,0,安全行车、文明驾驶基础知识,12.5%
734,1,在高速公路上遇分流交通管制时，可不驶出高速公路，就地靠边停靠等待管制结束后继续前行。,noimg,正确,错误,null,null,1,安全行车、文明驾驶基础知识,16.5%
735,1,小型客车行驶在平坦的高速公路上，突然有颠簸感觉时，应迅速降低车速，防止爆胎。,noimg,正确,错误,null,null,0,安全行车、文明驾驶基础知识,15%
736,1,在高速公路上行驶感觉疲劳时，应立即停车休息。,noimg,正确,错误,null,null,1,安全行车、文明驾驶基础知识,16%
737,1,《道路交通安全法实施条例》规定，高速公路上最高时速不得超过120公里。因此在高速公路上行驶只要时速不超过120公里就不违法。,noimg,正确,错误,null,null,1,安全行车、文明驾驶基础知识,14%
738,1,车辆在高速公路行驶时，可以仅凭感觉确认车速。,noimg,正确,错误,null,null,1,安全行车、文明驾驶基础知识,15.5%
739,0,车辆在山区道路跟车行驶时，应怎样做？,noimg,适当加大安全距离,紧随前车之后,适当减小安全距离,尽可能寻找超车机会,0,安全行车、文明驾驶基础知识,5.5%
740,0,在山区道路超车时，应怎样超越？,noimg,抓住任何机会尽量,选择宽阔的缓上坡路段,选择较长的下坡路,选择较缓的下坡路,1,安全行车、文明驾驶基础知识,4.5%
741,0,在山区道路遇对向来车时，应怎样会车？,noimg,紧靠道路中心,不减速,加速,减速或停车让行,3,安全行车、文明驾驶基础知识,7.5%
742,0,下长坡时，控制车速除了刹车制动以外还有什么有效的辅助方法？,noimg,挂入空挡滑行,利用发动机制动,关闭发动机熄火滑行,踏下离合器滑行,1,安全行车、文明驾驶基础知识,7.5%
743,0,下长坡连续使用行车制动会导致什么？,noimg,会缩短发动机寿命,增加驾驶人的劳动强度,容易造成车辆倾翻,会使制动器温度升高而使制动效果急剧下降,3,安全行车、文明驾驶基础知识,7%
744,0,车辆在较窄的山路上行驶时，如果靠山体的一方不让行，应怎样做？,noimg,鸣喇叭催其让行,保持正常车速行驶,提前减速或停车避让,向左占道，谨慎驶过,2,安全行车、文明驾驶基础知识,6.5%
745,1,车辆上坡行驶，要提前观察路况、坡道长度，及时减挡使车辆保持充足的动力。,noimg,正确,错误,null,null,0,安全行车、文明驾驶基础知识,13.5%
746,1,车辆下坡行驶，要适当控制车速，充分利用发动机进行制动。,noimg,正确,错误,null,null,0,安全行车、文明驾驶基础知识,13%
747,1,车辆下长坡时要减挡行驶，以充分利用发动机的制动作用。,noimg,正确,错误,null,null,0,安全行车、文明驾驶基础知识,16%
748,1,车辆在通过山区道路弯道时，要做到“减速、鸣喇叭、靠右行”。,noimg,正确,错误,null,null,0,安全行车、文明驾驶基础知识,11.5%
749,1,车辆在山区道路行车下陡坡时，不得超车。,noimg,正确,错误,null,null,0,安全行车、文明驾驶基础知识,12.5%
750,1,车辆在下坡行驶时，可充分利用空挡滑行。,noimg,正确,错误,null,null,1,安全行车、文明驾驶基础知识,15.5%
751,1,车辆进入山区道路后，要特别注意“连续转弯”标志，并主动避让车辆及行人，适时减速和提前鸣喇叭。,noimg,正确,错误,null,null,0,安全行车、文明驾驶基础知识,18%
752,1,车辆在山区上坡路驾驶，减挡要及时、准确、迅速，避免拖挡行驶导致发动机动力不足。,noimg,正确,错误,null,null,0,安全行车、文明驾驶基础知识,15%
753,1,通过山区危险路段，尤其是通过经常发生塌方、泥石流的山区地段，应谨慎驾驶，避免停车。,noimg,正确,错误,null,null,0,安全行车、文明驾驶基础知识,18%
754,1,通过经常发生塌方、泥石流的山区地段，避免停车。,noimg,正确,错误,null,null,0,安全行车、文明驾驶基础知识,17.5%
755,0,车辆驶入双向行驶隧道前，应开启什么灯？,noimg,示廓灯或近光灯,雾灯,远光灯,危险报警闪光灯,0,安全行车、文明驾驶基础知识,7%
756,1,立交桥上一般都是单向行驶，车辆不必减速行驶。,noimg,正确,错误,null,null,1,安全行车、文明驾驶基础知识,16%
757,0,夜间车辆通过照明条件良好的路段时，应使用什么灯？,noimg,危险报警闪光灯,远光灯,近光灯,雾灯,2,安全行车、文明驾驶基础知识,7%
758,0,夜间行车中，前方出现弯道时，灯光照射会发生怎样的变化？,noimg,离开路面,由路中移到路侧,距离不变,由高变低,1,安全行车、文明驾驶基础知识,4.5%
759,1,夜间行车，驾驶人的视野受限，很难观察到灯光照射区域以外的交通情况，因此要减速行驶。,noimg,正确,错误,null,null,0,安全行车、文明驾驶基础知识,15%
760,1,夜间驾驶人对事物的观察能力明显比白天差，视距变短。,noimg,正确,错误,null,null,0,安全行车、文明驾驶基础知识,10.5%
761,1,夜间起步前，应当先开启近光灯。,noimg,正确,错误,null,null,0,安全行车、文明驾驶基础知识,13%
762,1,夜间会车时，若对方车辆不关闭远光灯，可变换灯光提示对向车辆，同时减速靠右侧行驶或停车。,noimg,正确,错误,null,null,0,安全行车、文明驾驶基础知识,16%
763,1,夜间通过没有路灯或路灯照明不良时，应将近光灯转换为远光灯，但同向行驶的后车不得使用远光灯。,noimg,正确,错误,null,null,0,安全行车、文明驾驶基础知识,13%
764,1,夜间行车，遇对面来车未关闭远光灯时，应减速行驶，以防两车灯光的交汇处有行人通过时发生事故。,noimg,正确,错误,null,null,0,安全行车、文明驾驶基础知识,17%
765,1,夜间通过无交通信号灯控制的交叉路口时，不得变换远、近光灯。,noimg,正确,错误,null,null,1,安全行车、文明驾驶基础知识,14%
766,1,夜间行车，要尽量避免超车，确需超车时，可变换远近光灯向前车示意。,noimg,正确,错误,null,null,0,安全行车、文明驾驶基础知识,14.5%
767,1,夜间尾随前车行驶时，后车可以使用远光灯。,noimg,正确,错误,null,null,1,安全行车、文明驾驶基础知识,14.5%
768,0,在暴雨天气驾车，刮水器无法刮净雨水时，应怎样做？,noimg,集中注意力谨慎驾驶,立即减速靠边停车,以正常速度行驶,减速行驶,1,安全行车、文明驾驶基础知识,6.5%
769,0,在山区冰雪道路上行车，遇有前车正在爬坡时，后车应怎样做？,noimg,低速爬坡,紧随其后爬坡,选择适当地点停车，等前车通过后再爬坡,迅速超越前车,2,安全行车、文明驾驶基础知识,4.5%
770,0,雾天行车时，应及时开启什么灯？,noimg,倒车灯,近光灯,雾灯,远光灯,2,安全行车、文明驾驶基础知识,6%
771,0,遇有浓雾或特大雾天能见度过低，行车困难时，应怎样做？,noimg,开启前照灯，继续行驶,开启示廓灯、雾灯，靠右行驶,开启危险报警闪光灯，继续行驶,开启危险报警闪光灯和雾灯，选择安全地点停车,3,安全行车、文明驾驶基础知识,3%
772,0,车辆涉水后，应保持低速行驶，怎样操作制动踏板，以恢复制动效果？,noimg,持续重踏,间断重踏,持续轻踏,间断轻踏,3,安全行车、文明驾驶基础知识,6%
773,1,风、雨、雪、雾等复杂气象条件，遇前车速度较低时，应开启前照灯，连续鸣喇叭迅速超越。,noimg,正确,错误,null,null,1,安全行车、文明驾驶基础知识,13%
774,1,雨天路面湿滑，车辆制动距离增大，行车中尽量使用紧急制动减速。,noimg,正确,错误,null,null,1,安全行车、文明驾驶基础知识,14.5%
775,1,浓雾天气能见度低，开启远光灯会提高能见度。,noimg,正确,错误,null,null,1,安全行车、文明驾驶基础知识,11.5%
776,1,连续降雨天气，山区公路可能会出现路肩疏松和堤坡坍塌现象，行车时应选择道路中间坚实的路面，避免靠近路边行驶。,noimg,正确,错误,null,null,0,安全行车、文明驾驶基础知识,13%
777,1,雾天行车多使用喇叭可引起对方注意；听到对方车辆鸣喇叭，也应鸣喇叭回应。,noimg,正确,错误,null,null,0,安全行车、文明驾驶基础知识,13.5%
778,1,在冰雪路面上行车，必须降低车速、加大安全距离。,noimg,正确,错误,null,null,0,安全行车、文明驾驶基础知识,11.5%
779,1,雪天行车中，在有车辙的路段应循车辙行驶。,noimg,正确,错误,null,null,0,安全行车、文明驾驶基础知识,16.5%
780,1,车辆在冰雪路面紧急制动易产生侧滑，应低速行驶，可利用发动机制动进行减速。,noimg,正确,错误,null,null,0,安全行车、文明驾驶基础知识,10%
781,1,车辆行至泥泞或翻浆路段时，应停车观察，选择平整、坚实的路段缓慢通过。,noimg,正确,错误,null,null,0,安全行车、文明驾驶基础知识,12.5%
782,1,在大雨天行车，为避免发生“水滑”而造成危险，要控制速度行驶。,noimg,正确,错误,null,null,0,安全行车、文明驾驶基础知识,16%
783,0,前轮胎爆裂已出现转向时，驾驶人不要过度矫正，应在控制住方向的情况下，应怎样做，使车辆缓慢减速？,noimg,采取紧急制动,使用驻车制动,轻踏制动踏板,迅速踏下制动踏板,2,安全行车、文明驾驶基础知识,5.5%
784,0,轮胎气压过低时，高速行驶轮胎会出现波浪变形温度升高而导致什么？,noimg,气压更低,行驶阻力增大,爆胎,气压不稳,2,安全行车、文明驾驶基础知识,4%
785,0,避免爆胎的错误的做法是什么？,noimg,降低轮胎气压,定期检查轮胎,更换有裂纹或有很深损伤的轮胎,及时清理轮胎沟槽里的异物,0,安全行车、文明驾驶基础知识,7.5%
786,1,驾驶人发现轮胎漏气，将车辆驶离主车道时，不要采用紧急制动，以免造成翻车或后车采取制动不及时导致追尾事故。,noimg,正确,错误,null,null,0,安全行车、文明驾驶基础知识,11%
787,1,车辆后轮胎爆裂，车尾会摇摆不定，驾驶人应双手紧握转向盘，控制车辆保持直线行驶，减速停车。,noimg,正确,错误,null,null,0,安全行车、文明驾驶基础知识,14%
788,1,行车中当驾驶人意识到爆胎时，应在控制住方向的情况下，轻踏制动踏板，使车辆缓慢减速，逐渐平稳地停靠于路边。,noimg,正确,错误,null,null,0,安全行车、文明驾驶基础知识,14.5%
789,1,行车中当车辆突然爆胎时，驾驶人切忌慌乱中急踏制动踏板，尽量采用“抢挡”的方法，利用发动机制动使车辆减速。,noimg,正确,错误,null,null,0,安全行车、文明驾驶基础知识,12.5%
790,1,车辆前轮胎爆裂，危险较大，方向会立刻向爆胎车轮一侧跑偏，直接影响驾驶人对转向盘的控制。,noimg,正确,错误,null,null,0,安全行车、文明驾驶基础知识,11%
791,1,车辆发生爆胎后，驾驶人在尚未控制住车速前，不要冒险使用行车制动器停车，以避免车辆横甩发生更大的险情。,noimg,正确,错误,null,null,0,安全行车、文明驾驶基础知识,16.5%
792,1,行车中当车辆前轮爆胎已发生转向时，驾驶人应双手紧握转向盘，尽力控制车辆直线行驶。,noimg,正确,错误,null,null,0,安全行车、文明驾驶基础知识,13%
793,1,行车中当驾驶人意识到车辆爆胎时，应在控制住方向的情况下采取紧急制动，迫使车辆迅速停住。,noimg,正确,错误,null,null,1,安全行车、文明驾驶基础知识,12%
794,2,这个仪表是何含义？,img-357,发动机转速表,行驶速度表,区间里程表,百公里油耗表,0,机动车驾驶操作相关基础知识,8%
795,2,这个仪表是何含义？,img-358,速度和里程表,发动机转速表,最高时速值表,百公里油耗表,0,机动车驾驶操作相关基础知识,6.5%
796,2,这个仪表是何含义？,img-359,水温表,燃油表,电流表,压力表,0,机动车驾驶操作相关基础知识,8%
797,2,这个仪表是何含义？,img-360,压力表,电流表,水温表,燃油表,3,机动车驾驶操作相关基础知识,7%
798,3,仪表显示当前车速是20公里/小时。,img-361,正确,错误,null,null,1,机动车驾驶操作相关基础知识,5%
799,3,仪表显示当前发动机转速是6000转/分钟。,img-362,正确,错误,null,null,1,机动车驾驶操作相关基础知识,9%
800,3,仪表显示当前冷却液的温度是90度。,img-363,正确,错误,null,null,0,机动车驾驶操作相关基础知识,10%
801,3,仪表显示油箱内存油量已在警告线以内。,img-364,正确,错误,null,null,0,机动车驾驶操作相关基础知识,10%
802,2,机动车仪表板上（如图所示）亮表示什么？,img-365,后雾灯打开,前照灯近光打开,前照灯远光打开,前雾灯打开,3,机动车驾驶操作相关基础知识,10.5%
803,2,机动车仪表板上（如图所示）亮表示什么？,img-366,后雾灯打开,前照灯近光打开,前照灯远光打开,前雾灯打开,0,机动车驾驶操作相关基础知识,10%
804,2,机动车仪表板上（如图所示）亮表示什么？,img-367,前后雾灯开启,前后位置灯开启,前照灯开启,危险报警闪光灯开启,1,机动车驾驶操作相关基础知识,9%
805,3,打开前雾灯开关，（如图所示）亮起。,img-368,正确,错误,null,null,1,机动车驾驶操作相关基础知识,11%
806,3,打开后雾灯开关，（如图所示）亮起。,img-369,正确,错误,null,null,1,机动车驾驶操作相关基础知识,10.5%
807,3,打开位置灯开关，（如图所示）亮起。,img-370,正确,错误,null,null,0,机动车驾驶操作相关基础知识,13.5%
808,2,发动机起动后仪表板上（如图所示）亮表示什么？,img-371,发动机主油道堵塞,发动机机油压力过低,发动机曲轴箱漏气,发动机机油压力过高,1,机动车驾驶操作相关基础知识,8%
809,3,机动车仪表板上（如图所示）亮表示发动机可能机油量不足。,img-372,正确,错误,null,null,0,机动车驾驶操作相关基础知识,12%
810,3,机动车 仪表板上（如图所示）亮表示发动机可能机油压力过高。,img-373,正确,错误,null,null,1,机动车驾驶操作相关基础知识,9%
811,2,机动车仪表板上（如图所示）亮表示什么？,img-374,驻车制动解除,行车制动器失效,制动系统出现异常,制动踏板没回位,2,机动车驾驶操作相关基础知识,7.5%
812,2,机动车仪表板上（如图所示）亮表示什么？,img-375,防抱死制动系统故障,驻车制动器处于解除状态,行车制动系统故障,安全气囊处于故障状态,0,机动车驾驶操作相关基础知识,12%
813,2,机动车仪表板上（如图所示）亮表示什么？,img-376,防抱死制动系统出现故障,驻车制动器处于解除状态,行车制动系统出现故障,驻车制动器处于制动状态,3,机动车驾驶操作相关基础知识,7%
814,3,机动车仪表板上（如图所示）亮，表示驻车制动器操纵杆可能没松到底。,img-377,正确,错误,null,null,1,机动车驾驶操作相关基础知识,10%
815,3,机动车仪表板上（如图所示）亮，表示行车制动系统可能出现故障。,img-378,正确,错误,null,null,0,机动车驾驶操作相关基础知识,9.5%
816,3,机动车仪表板上（如图所示）亮时，不影响正常行驶。,img-379,正确,错误,null,null,1,机动车驾驶操作相关基础知识,8%
817,3,机动车仪表板上（如图所示）亮时，防抱死制动系统处于打开状态。,img-380,正确,错误,null,null,1,机动车驾驶操作相关基础知识,13%
818,3,机动车仪表板上（如图所示）亮时，表示驻车制动器处于制动状态。,img-381,正确,错误,null,null,0,机动车驾驶操作相关基础知识,8.5%
819,2,发动机起动后仪表板上（如图所示）亮表示什么？,img-382,燃油泵出现异常或者故障,发动机点火系统出现故障,发动机供油系统出现异常,油箱内燃油已到最低液面,3,机动车驾驶操作相关基础知识,9%
820,3,机动车仪表板上（如图所示）亮时，提醒发动机需要补充机油。,img-383,正确,错误,null,null,1,机动车驾驶操作相关基础知识,8%
821,2,行车中仪表板上（如图所示）亮表示什么？,img-384,发动机温度过高,发动机冷却系故障,发动机润滑系故障,发动机温度过低,0,机动车驾驶操作相关基础知识,9.5%
822,3,机动车仪表板上（如图所示）亮时，提醒发动机冷却液可能不足。,img-385,正确,错误,null,null,0,机动车驾驶操作相关基础知识,8.5%
823,3,机动车仪表板上（如图所示）亮时提醒发动机需要加注机油。,img-386,正确,错误,null,null,1,机动车驾驶操作相关基础知识,11.5%
824,2,机动车仪表板上（如图所示）亮时表示什么？,img-387,已开启前雾灯,已开启前照灯近光,已开启前照灯远光,已开启后雾灯,2,机动车驾驶操作相关基础知识,8%
825,2,机动车仪表板上（如图所示）亮时表示什么？,img-388,已开启后雾灯,已开启前照灯近光,已开启前照灯远光,已开启前雾灯,1,机动车驾驶操作相关基础知识,11%
826,3,开启前照灯远光时仪表板上（如图所示）亮起。,img-389,正确,错误,null,null,1,机动车驾驶操作相关基础知识,9%
827,3,开启前照灯近光时仪表板上（如图所示）亮起。,img-390,正确,错误,null,null,1,机动车驾驶操作相关基础知识,12.5%
828,2,机动车仪表板上（如图所示）亮表示什么？,img-391,没有系好安全带,安全带出现故障,安全带系得过松,已经系好安全带,0,机动车驾驶操作相关基础知识,7.5%
829,3,机动车仪表板上（如图所示）亮时，提醒驾驶人座椅没调整好。,img-392,正确,错误,null,null,1,机动车驾驶操作相关基础知识,10%
830,3,机动车仪表板上（如图所示）亮时，提醒驾驶人安全带插头未插入锁扣。,img-393,正确,错误,null,null,0,机动车驾驶操作相关基础知识,10%
831,0,危险报警闪光灯可用于下列什么场合？,noimg,遇到道路拥堵时,在道路上跟车行驶时,机动车发生故障停车时,引领后车行驶时,2,机动车驾驶操作相关基础知识,5%
832,2,机动车仪表板上（如图所示）亮表示什么？,img-394,危险报警闪光灯闪烁,右转向指示灯闪烁,左转向指示灯闪烁,车前后位置灯闪烁,0,机动车驾驶操作相关基础知识,8.5%
833,3,机动车发生故障时，（如图所示）闪烁。,img-395,正确,错误,null,null,1,机动车驾驶操作相关基础知识,8.5%
834,3,开启危险报警闪光灯时，（如图所示）闪烁。,img-396,正确,错误,null,null,0,机动车驾驶操作相关基础知识,10%
835,2,机动车仪表板上（如图所示）亮表示什么？,img-397,车前后位置灯亮起,车前后示宽灯亮起,左转向指示灯闪烁,右转向指示灯闪烁,3,机动车驾驶操作相关基础知识,9%
836,2,机动车仪表板上（如图所示）亮表示什么？,img-398,左转向指示灯闪烁,车前后示宽灯亮起,车前后位置灯亮起,右转向指示灯闪烁,0,机动车驾驶操作相关基础知识,4.5%
837,3,打开左转向灯开关，（如图所示）亮起。,img-399,正确,错误,null,null,1,机动车驾驶操作相关基础知识,6%
838,3,打开右转向灯开关，（如图所示）亮起。,img-400,正确,错误,null,null,1,机动车驾驶操作相关基础知识,7%
839,2,机动车仪表板上（如图所示）亮表示什么？,img-401,充电电流过大,蓄电池损坏,电流表故障,充电电路故障,3,机动车驾驶操作相关基础知识,11.5%
840,2,机动车仪表板上（如图所示）亮表示什么？,img-402,发动机舱开启,燃油箱盖开启,两侧车门开启,行李舱开启,2,机动车驾驶操作相关基础知识,7%
841,2,机动车仪表板上（如图所示）这个符号表示什么？,img-403,行李舱开启,一侧车门开启,发动机舱开启,燃油箱盖开启,0,机动车驾驶操作相关基础知识,8.5%
842,2,机动车仪表板上（如图所示）这个符号表示什么？,img-404,行李舱开启,发动机舱开启,燃油箱盖开启,一侧车门开启,1,机动车驾驶操作相关基础知识,7.5%
843,2,机动车仪表板上（如图所示）一直亮表示什么？,img-405,安全气囊处于工作状态,安全带没有系好,防抱死制动系统故障,安全气囊处于故障状态,3,机动车驾驶操作相关基础知识,14.5%
844,2,机动车仪表板上（如图所示）这个符号表示什么？,img-406,远光灯开关,近光灯开关,车灯总开关,后雾灯开关,2,机动车驾驶操作相关基础知识,6%
845,2,机动车仪表板上（如图所示）亮表示什么？,img-407,空气内循环,空气外循环,迎面吹风,风窗玻璃除霜,1,机动车驾驶操作相关基础知识,7.5%
846,2,机动车仪表板上（如图所示）亮表示什么？,img-408,迎面出风,空气外循环,风窗玻璃除霜,空气内循环,3,机动车驾驶操作相关基础知识,9%
847,2,机动车仪表板上（如图所示）这个符号表示什么？,img-409,雪地起步模式,空气循环,空调制冷,冷风暖气风扇,3,机动车驾驶操作相关基础知识,5%
848,2,机动车仪表板上（如图所示）亮表示什么？,img-410,地板及迎面出风,空气内循环,空气外循环,侧面及地板出风,0,机动车驾驶操作相关基础知识,8%
849,2,机动车仪表板上（如图所示）亮表示什么？,img-411,侧面出风,空气外循环,迎面出风,空气内循环,2,机动车驾驶操作相关基础知识,9.5%
850,2,（如图所示）这个符号的开关控制什么装置？,img-412,前风窗玻璃除霜,后风窗玻璃刮水器,后风窗玻璃除霜,前风窗玻璃刮水器,3,机动车驾驶操作相关基础知识,7%
851,2,（如图所示）这个符号的开关控制什么装置？,img-413,前风窗玻璃除霜或除雾,后风窗玻璃刮水器及洗涤器,前风窗玻璃刮水器及洗涤器,后风窗玻璃除霜或除雾,2,机动车驾驶操作相关基础知识,10%
852,2,（如图所示）这个符号的开关控制什么装置？,img-414,前风窗玻璃刮水器及洗涤器,后风窗玻璃除霜或除雾,后风窗玻璃刮水器及洗涤器,前风窗玻璃除霜或除雾,2,机动车驾驶操作相关基础知识,10.5%
853,2,（如图所示）这个符号的开关控制什么装置？,img-415,两侧车窗玻璃,电动车门,车门锁住开锁,儿童安全锁,2,机动车驾驶操作相关基础知识,9%
854,2,（如图所示）这个符号的开关控制什么装置？,img-416,儿童安全锁,两侧车窗玻璃,电动车门,车门锁住开锁,0,机动车驾驶操作相关基础知识,8%
855,2,机动车仪表板上（如图所示）亮表示什么？,img-417,洗涤液不足,制动液不足,冷却系故障,冷却液不足,3,机动车驾驶操作相关基础知识,9.5%
856,3,机动车仪表板上（如图所示）亮，提示发电机向蓄电池充电。,img-418,正确,错误,null,null,1,机动车驾驶操作相关基础知识,11%
857,3,机动车仪表板上（如图所示)亮，提示两侧车门未关闭。,img-419,正确,错误,null,null,0,机动车驾驶操作相关基础知识,9.5%
858,3,机动车仪表板上（如图所示）亮，提示左侧车门未关闭。,img-420,正确,错误,null,null,1,机动车驾驶操作相关基础知识,8.5%
859,3,机动车仪表板上（如图所示）亮，提示右侧车门未关闭。,img-421,正确,错误,null,null,1,机动车驾驶操作相关基础知识,5%
860,3,机动车仪表板上（如图所示）亮，提示行李舱开启。,img-422,正确,错误,null,null,1,机动车驾驶操作相关基础知识,14%
861,3,机动车仪表板上（如图所示）亮，提示发动机舱开启。,img-423,正确,错误,null,null,1,机动车驾驶操作相关基础知识,6.5%
862,3,机动车仪表板上（如图所示）一直亮，表示安全气囊处于工作状态。,img-424,正确,错误,null,null,1,机动车驾驶操作相关基础知识,7.5%
863,3,机动车仪表板上（如图所示）亮表示启用地板及前风窗玻璃吹风。,img-425,正确,错误,null,null,0,机动车驾驶操作相关基础知识,10%
864,3,机动车仪表板上（如图所示）一直亮，表示发动机控制系统故障。,img-426,正确,错误,null,null,0,机动车驾驶操作相关基础知识,8%
865,3,这种握转向盘的动作是正确的。,img-427,正确,错误,null,null,1,机动车驾驶操作相关基础知识,11.5%
866,2,这是什么踏板？,img-428,离合器踏板,制动踏板,驻车制动器,加速踏板,0,机动车驾驶操作相关基础知识,13%
867,2,这是什么踏板？,img-429,离合器踏板,加速踏板,制动踏板,驻车制动器,2,机动车驾驶操作相关基础知识,11.5%
868,2,这是什么踏板？,img-430,加速踏板,离合器踏板,驻车制动器,制动踏板,0,机动车驾驶操作相关基础知识,12%
869,2,这是什么操纵装置？,img-431,驻车制动器操纵杆,节气门操纵杆,变速器操纵杆,离合器操纵杆,2,机动车驾驶操作相关基础知识,10%
870,2,这是什么操纵装置？,img-432,节气门操纵杆,变速器操纵杆,离合器操纵杆,驻车制动器操纵杆,3,机动车驾驶操作相关基础知识,12.5%
871,2,这是什么操纵装置？,img-433,空调开关,点火开关,雨刷开关,灯光开关,1,机动车驾驶操作相关基础知识,7.5%
872,3,将点火开关转到ACC位置起动机工作。,img-434,正确,错误,null,null,1,机动车驾驶操作相关基础知识,12.5%
873,3,点火开关在ON位置，车用电器不能使用。,img-435,正确,错误,null,null,1,机动车驾驶操作相关基础知识,5.5%
874,3,点火开关在LOCK位置拔出钥匙转向盘会锁住。,img-436,正确,错误,null,null,0,机动车驾驶操作相关基础知识,8.5%
875,3,点火开关在START位置起动机起动。,img-437,正确,错误,null,null,0,机动车驾驶操作相关基础知识,8.5%
876,2,这是什么操纵装置？,img-438,倒车灯开关,刮水器开关,危险报警闪光灯开关,灯光、信号组合开关,3,机动车驾驶操作相关基础知识,8.5%
877,2,提拉这个开关控制机动车哪个部位？,img-439,左右转向灯,倒车灯,示廓灯,报警闪光灯,0,机动车驾驶操作相关基础知识,8.5%
878,2,旋转开关这一档控制机动车哪个部位？,img-440,近光灯,前后雾灯,远光灯,左右转向灯,1,机动车驾驶操作相关基础知识,9.5%
879,3,将转向灯开关向上提，左转向灯亮。,img-441,正确,错误,null,null,1,机动车驾驶操作相关基础知识,4%
880,3,将转向灯开关向下拉，右转向灯亮。,img-442,正确,错误,null,null,1,机动车驾驶操作相关基础知识,9%
881,3,灯光开关旋转到这个位置时，全车灯光点亮。,img-443,正确,错误,null,null,1,机动车驾驶操作相关基础知识,9.5%
882,3,灯光开关在该位置时，前雾灯点亮。,img-444,正确,错误,null,null,0,机动车驾驶操作相关基础知识,9.5%
883,3,灯光开关在该位置时，后雾灯点亮。,img-445,正确,错误,null,null,0,机动车驾驶操作相关基础知识,11.5%
884,2,这是什么操纵装置？,img-446,刮水器开关,前照灯开关,转向灯开关,除雾器开关,0,机动车驾驶操作相关基础知识,15%
885,2,这是什么操纵装置？,img-447,转向灯开关,前照灯开关,刮水器开关,除雾器开关,3,机动车驾驶操作相关基础知识,10.5%
886,2,这个开关控制机动车哪个部位？,img-448,风窗玻璃除雾器,风窗玻璃刮水器,危险报警闪光灯,照明、信号装置,1,机动车驾驶操作相关基础知识,8%
887,3,按下这个开关，后风窗玻璃除霜器开始工作。,img-449,正确,错误,null,null,1,机动车驾驶操作相关基础知识,7%
888,3,上下搬动这个开关前风窗玻璃刮水器开始工作。,img-450,正确,错误,null,null,0,机动车驾驶操作相关基础知识,9%
889,0,安全头枕在发生追尾事故时，能有效保护驾驶人的什么部位？,noimg,腰部,胸部,头部,颈部,3,机动车驾驶操作相关基础知识,9%
890,1,安全头枕用于在发生追事故时保护驾驶人的头部不受伤害。,noimg,正确,错误,null,null,1,机动车驾驶操作相关基础知识,9%
891,0,机动车发生碰撞时座椅安全带主要作用是什么？,noimg,保护驾乘人员颈部,保护驾乘人员胸部,减轻驾乘人员伤害,保护驾乘人员腰部,2,机动车驾驶操作相关基础知识,9%
892,1,机动车发生正面碰撞时，安全气囊加上安全带的双重保护才能充分发挥作用。,noimg,正确,错误,null,null,0,机动车驾驶操作相关基础知识,8%
893,1,机动车在发生碰撞时，安全带可以减轻驾乘人员伤害。,noimg,正确,错误,null,null,0,机动车驾驶操作相关基础知识,10.5%
894,2,机动车在紧急制动时ABS系统会起到什么作用？,img-451,切断动力输出,自动控制方向,减轻制动惯性,防止车轮抱死,3,机动车驾驶操作相关基础知识,12.5%
895,0,防抱死制动系统（ABS）在什么情况下可以最大限度发挥制动器效能?,noimg,间歇制动,持续制动,紧急制动,缓踏制动踏板,2,机动车驾驶操作相关基础知识,10%
896,1,机动车紧急制动时，ABS系统在提供最大制动力的同时能使车前轮保持转向能力。,noimg,正确,错误,null,null,0,机动车驾驶操作相关基础知识,10%
897,1,装有ABS系统的机动车在冰雪路面上会最大限度缩短制动距离。,noimg,正确,错误,null,null,1,机动车驾驶操作相关基础知识,10%
898,1,驾驶有ABS系统的机动车在紧急制动的同时转向可能会发生侧滑。,noimg,正确,错误,null,null,0,机动车驾驶操作相关基础知识,9%
899,1,安装防抱死制动装置（ABS）的机动车紧急制动时，可用力踏制动踏板。,noimg,正确,错误,null,null,0,机动车驾驶操作相关基础知识,8.5%
900,1,安装防抱死制动装置（ABS）的机动车制动时，制动距离会大大缩短，因此不必保持安全车距。,noimg,正确,错误,null,null,1,机动车驾驶操作相关基础知识,9%
901,0,安全气囊是一种什么装置？,noimg,防抱死制动系统,电子制动力分配系统,辅助驾乘人员保护系统,驾驶人头颈保护系统,2,机动车驾驶操作相关基础知识,15%
902,2,正面安全气囊与什么配合才能充分发挥保护作用？,img-452,防抱死制动系统,座椅安全带,座椅安全头枕,安全玻璃,1,机动车驾驶操作相关基础知识,4.5%
